Asteroid_ID,Est_Diameter_Min,Est_Diameter_Max,Relative_Velocity,Miss_Distance,Absolute_Magnitude,Orbit_ID,Orbit_Uncertainity,Hazardous
2001566,1.4274305148,3.1918316641,76768.6272477926,51882752.851231776,16.35,102,0,true
2001862,1.5942446807,3.5648394788,54823.8408518794,11256645.604519082,16.11,285,0,true
2001943,1.9344387205,4.3255364773,18330.0201479539,65958126.21966399,15.69,422,0,false
2002340,0.228325794,0.5105519964,74004.4719123509,38187116.90587336,20.33,60,0,true
2003103,2.3689449936,5.2971220406,55482.0863452837,17371863.726599976,15.25,453,0,false
2003361,0.3520099801,0.7871182442,17669.1773357714,43510897.13082208,19.39,96,0,true
2003362,0.5815070396,1.30028927,37279.21093304,32530625.542762592,18.3,23,1,true
2004034,0.5527833794,1.2360612132,44957.9853078142,21915298.003447466,18.41,74,0,true
2004183,3.9678475407,8.8723768253,51827.1920855888,18224809.67061008,14.13,350,0,true
2004450,0.9830033019,2.1980622051,61167.7346809356,58210971.26297821,17.16,164,0,true
2004581,0.1847374636,0.4130855266,70334.0957497068,45686284.341127776,20.79,65,0,true
2004660,0.4904050984,1.0965791366,19507.8541401335,4341920.575393955,18.67,105,0,true
2004769,0.8483107619,1.8968805296,35102.4782575658,48056725.01846893,17.48,89,0,true
2005381,1.2721987854,2.844722965,100791.7061410048,52232086.01816654,16.6,88,0,false
2005604,0.9344476509,2.0894884689,33581.0241762961,44501641.2183587,17.27,146,0,true
2005693,1.1872849879,2.6548499417,115951.3993709424,66751472.62658247,16.75,259,0,true
2006037,0.4661814374,1.0424133839,91199.661858472,53326844.20321269,18.78,72,0,true
2007482,1.2839702958,2.8710448625,91075.2025127868,52342392.92015805,16.58,96,0,true
2007753,0.6800721287,1.5206875095,40805.7136839238,10908700.227104738,17.96,138,0,true
2008014,0.4431543091,0.9909231597,58119.401228746,36284719.19485658,18.89,57,0,true
2009202,1.7723723926,3.9631451512,94545.984462187,67479884.14821492,15.88,104,0,false
2009856,1.0778416872,2.4101272816,89007.7098041316,55278986.362519525,16.96,80,0,true
2010115,1.0198938585,2.2805519975,51738.2501778684,16435872.414603991,17.08,154,0,true
2013651,0.7287104149,1.6294460236,66444.5253277987,46989410.4130764,17.81,132,0,true
2021374,0.8601119401,1.9232687664,46997.3498228694,25609936.944147784,17.45,143,0,false
2022753,0.7701139256,1.7220270881,81986.5301546686,21438822.48942713,17.69,192,0,true
2022771,1.0828167784,2.4212519237,66125.7262806998,17042900.568593554,16.95,386,0,false
2023187,1.6693791177,3.7328451875,109096.7165675449,9122396.641599998,16.01,278,0,true
2025143,0.4212646106,0.9419763057,24785.3993799033,5723079.978050703,19,185,0,true
2033342,0.6615382752,1.4792445531,31969.3456732242,1867809.830764912,18.02,167,0,true
2035107,1.1818299089,2.6426520142,47603.0768536796,44971027.887711205,16.76,337,0,true
2035396,1.038855101,2.3229506246,57434.7942219308,9516558.515695976,17.04,271,0,true
2037655,0.7287104149,1.6294460236,95025.125323026,3745564.479133814,17.81,75,0,true
2038071,0.3377185972,0.7551617405,34901.9852370717,12161896.229726212,19.48,50,0,true
2040267,2.0349557812,4.5502994579,100955.2815616241,29313326.05874164,15.58,324,0,false
2041429,0.1961349444,0.4385710684,49418.1379429747,12624266.085785303,20.66,68,0,true
2054509,0.0766575574,0.1714115092,25684.3436461577,1797792.761759888,22.7,85,0,false
2065679,0.3408434689,0.7621491661,68951.281877806,57168004.593555614,19.46,87,0,true
2065909,0.3635423218,0.8129053443,66038.3394134821,7512183.661687168,19.32,79,0,true
2066251,1.0198938585,2.2805519975,6344.0986425307,60572139.20610613,17.08,213,0,false
2066391,1.2780709882,2.8578536096,73688.1858500256,4836856.571290791,16.59,212,0,true
2067381,0.2914439045,0.6516883822,55586.822358326,11796474.17090784,19.8,52,0,true
2068216,1.2605351968,2.8186423881,78144.0153069269,62993935.97951042,16.62,335,0,true
2068346,1.1602590821,2.5944181791,30458.6787600413,73232486.09904674,16.8,190,0,true
2068347,0.2809020939,0.6281161771,45334.7030248189,8275848.818972349,19.88,37,0,true
2085236,0.4836764882,1.0815335068,38578.4577820004,19672477.65334632,18.7,78,0,true
2085640,0.160160338,0.358129403,35606.425017073,14576968.339517413,21.1,62,0,true
2085770,0.219055911,0.4898239078,64700.735134045,17251213.37356029,20.42,96,0,false
2085774,0.407901194,0.912094798,39416.6135131891,9803331.843048409,19.07,138,0,true
2085938,0.5064714588,1.1325046106,32651.8377013309,8773319.915333992,18.6,112,0,true
2085989,1.0293308202,2.3016536853,58078.5180255914,70818526.98244856,17.06,289,0,true
2085990,0.2347226375,0.5248557734,20832.1784937634,33191865.735831887,20.27,229,0,true
2088188,1.6313794097,3.6478752572,22768.7229712901,37229350.81607037,16.06,211,0,false
2088254,0.7630534787,1.7062394488,86952.8920460872,21122672.37402643,17.71,121,0,true
2089136,0.2424124811,0.5420507863,14759.5698314961,4263369.321900106,20.2,156,0,true
2090367,0.7253622947,1.6219593992,39522.0381051906,40976564.29756541,17.82,105,0,false
2090403,0.7525839925,1.682828966,59416.8916294134,52832993.330425695,17.74,154,0,true
2090416,0.5064714588,1.1325046106,52454.6595601877,12570583.563326215,18.6,121,0,true
2099935,1.5651464359,3.4997738255,51401.3249397611,39630617.720262446,16.15,212,0,false
2099942,0.4041615334,0.9037326626,29612.8291503897,14418818.587600565,19.09,193,0,true
2100085,0.7320739893,1.6369672047,37765.7724286465,6025774.767350642,17.8,92,0,true
2101869,0.3841978911,0.8590926012,48925.0153934615,44490255.219754495,19.2,57,0,true
2101955,0.2412986969,0.5395602892,24638.0625106044,4956237.137609917,20.21,95,0,true
2105140,1.8904055193,4.2270752462,129888.648028003,58772332.46806158,15.74,264,0,false
2136849,0.7665755735,1.7141150923,45469.0342364965,42953922.80847752,17.7,88,0,true
2138127,1.0012786977,2.2389272325,73247.2581149255,28387829.201883808,17.12,91,0,true
2138175,0.2231284644,0.4989304142,26750.0541897681,12289566.4029765,20.38,157,0,true
2138404,0.3569069267,0.7980681497,68298.1603031498,50989981.052029,19.36,81,0,true
2138925,1.6770846216,3.750075218,127110.0116702902,55524310.024599366,16,116,0,false
2138971,0.5230641758,1.1696070537,70082.757061938,41270602.112444825,18.53,167,0,true
2140333,0.3824326621,0.8551454293,58688.5226765933,27746133.26742002,19.21,46,1,false
2141432,0.2658,0.5943468684,96280.1783862599,64462290.78954408,20,102,0,true
2141495,0.5327886649,1.1913516723,85808.9320941949,18970909.913667507,18.49,146,0,true
2141498,0.5502435705,1.2303820278,87344.6054685109,32417367.23935364,18.42,55,0,false
2141851,0.7595475664,1.6983999907,104998.5151532676,10223807.084890164,17.72,96,0,true
2152671,0.2390864572,0.5346135707,30923.9138104395,34427648.45662664,20.23,77,0,true
2152680,0.3503926411,0.7835017643,50469.0686007563,54885636.78989786,19.4,28,0,true
2152754,0.3806755436,0.8512163929,60728.313035088,57675048.083623886,19.22,55,0,true
2152828,0.160160338,0.358129403,62517.6721616584,13646996.052941516,21.1,36,0,true
2152931,1.5651464359,3.4997738255,57992.4371615785,61644723.69566514,16.15,132,0,false
2152978,0.3285148278,0.7345814866,49211.1986640246,18473830.210213147,19.54,109,0,true
2153002,0.6259720997,1.3997161669,109741.8948275974,73206436.71170236,18.14,68,0,true
2153271,0.8720772891,1.9500241,76250.5664147705,52825718.78992184,17.42,175,0,false
2153311,0.8801465209,1.9680674509,96238.6614746748,52472140.57398882,17.4,64,0,true
2153415,1.0152078719,2.2700738128,91569.0387305236,11670605.066253629,17.09,79,0,false
2153958,0.5630603897,1.2590413069,61529.3450588909,41161369.637315445,18.37,106,0,true
2154276,0.8176265334,1.8282685088,68778.5594223827,12509854.532396523,17.56,87,0,true
2154302,0.77366861,1.729975604,69559.8315160694,30218911.33438396,17.68,50,0,true
2154631,0.6317641482,1.4126675811,87324.9758351921,70484609.42722368,18.12,37,0,false
2155338,0.2111324448,0.4721064988,36895.6745920145,27567907.705745976,20.5,24,0,true
2159686,1.4013769717,3.1335741707,62135.3902100162,54935341.29555664,16.39,105,0,false
2162015,0.3841978911,0.8590926012,53931.0154585579,51034354.7722284,19.2,17,1,false
2162120,0.2111324448,0.4721064988,38369.1534309932,46781763.43830945,20.5,49,0,true
2162173,0.3536347843,0.7907514169,25505.3495150322,60406325.04667643,19.38,117,0,true
2162361,0.2492039814,0.5572370428,100502.0149493185,73486595.79362956,20.14,81,0,true
2162422,0.2251930467,0.5035469604,40274.3528903794,25285285.735307094,20.36,65,0,true
2162474,0.5553349116,1.2417666126,105697.3028497571,12988679.750241363,18.4,54,0,true
2162510,0.8366715019,1.8708543531,84554.8012283245,27904268.059549864,17.51,111,0,true
2162567,0.2694976463,0.602615057,38071.8899424299,12548461.793259757,19.97,55,0,true
2162783,0.1925550782,0.4305662442,29227.1499546261,21041128.92377599,20.7,33,0,true
2162882,0.477040198,1.0666943108,88762.0051243976,31524505.44207227,18.73,81,0,true
2163015,0.1108038821,0.2477650126,25556.8407580871,20826229.5041106,21.9,16,0,false
2163191,0.3503926411,0.7835017643,41547.6035761705,11640935.1262193,19.4,67,0,false
2163243,1.3018321019,2.9109850751,93521.5871018681,63490070.61338085,16.55,117,1,true
2163295,0.3669061375,0.8204270649,74808.4191966569,45942307.79638214,19.3,39,0,false
2163364,0.4431543091,0.9909231597,79985.3199657383,64829111.93252206,18.89,97,0,true
2163683,0.4212646106,0.9419763057,104505.5272452408,30136849.781830344,19,41,0,true
2163692,0.5923180627,1.3244634524,85213.7392113572,72643558.19526273,18.26,105,0,false
2163694,0.9131770255,2.0419259045,39839.4956502011,61358002.32365297,17.32,92,0,false
2163818,0.5377184977,1.2023751136,25246.4336243548,65460047.08275973,18.47,84,0,true
2163899,0.7844314124,1.7540419619,39874.0832635129,50834648.31776298,17.65,80,0,true
2164120,0.4023045798,0.8995803882,48617.5626031216,34643062.881919295,19.1,39,0,false
2164202,0.1838886721,0.411187571,65650.4217656626,48674882.58079608,20.8,73,0,true
2164215,0.2658,0.5943468684,6894.3220777494,43882970.20622215,20,42,0,false
2164222,0.1952337862,0.4365560173,31085.3731192974,21483828.66454153,20.67,54,0,false
2168044,0.4212646106,0.9419763057,83720.4568212064,62093372.28548997,19,75,1,false
2169352,0.3931470096,0.8791034386,64614.6117919134,31939821.921045367,19.15,58,0,false
2171576,0.5064714588,1.1325046106,110050.6219452641,60932353.089879386,18.6,56,0,true
2172974,0.3669061375,0.8204270649,19392.7940270021,71562294.50103971,19.3,48,0,false
2174881,0.6645917971,1.4860724357,150704.4400775741,68555328.78449069,18.01,33,1,false
2175706,0.5451989071,1.2191018176,78159.8871459425,53262718.56760444,18.44,143,0,true
2175921,0.573528464,1.2824486324,105970.459383441,70191355.38550478,18.33,64,0,false
2177049,0.2914439045,0.6516883822,72678.4917494486,64811992.84986648,19.8,79,0,true
2179806,0.2424124811,0.5420507863,34159.2092545983,20215808.53026858,20.2,62,0,true
2186823,0.3986162293,0.8913329856,92399.4955504433,56356031.98024024,19.12,54,0,false
2190491,0.1756123185,0.3926810818,57066.6023420782,63211614.29928936,20.9,69,0,false
2192559,0.2315021222,0.5176544822,27437.6503112963,9257409.601902433,20.3,61,0,true
2194268,0.6089126221,1.3615700154,76442.6804820764,35163007.06398531,18.2,67,0,true
2196068,0.6676594135,1.4929318344,111014.6611697514,64078269.06299096,18,38,0,true
2199003,0.620233153,1.3868834919,69561.2708249321,62937916.19976961,18.16,97,1,true
2202683,0.2914439045,0.6516883822,100051.1907767532,68962661.70385508,19.8,29,1,true
2206378,0.4859090375,1.0865256386,24598.1970410131,13965988.5577918,18.69,172,0,true
2207398,0.2231284644,0.4989304142,94693.0600598105,50156041.14340772,20.38,71,0,true
2208115,0.1925550782,0.4305662442,44713.4537712157,44272703.923526965,20.7,29,0,true
2208617,0.6991252322,1.5632915441,83477.4392930911,11980554.723937511,17.9,86,0,false
2215588,0.3536347843,0.7907514169,132633.864893651,72477445.70776068,19.38,95,0,true
2216523,0.2016299194,0.4508582062,31835.3496769777,31738662.64686544,20.6,67,0,true
2221787,0.1460679643,0.3266178974,9553.8490974563,54026845.65319261,21.3,24,0,false
2221980,0.4212646106,0.9419763057,85612.9275653105,54255472.47260495,19,24,0,true
2222073,0.6676594135,1.4929318344,66717.3998118434,66055943.49468493,18,113,0,false
2226514,0.2538370294,0.5675968529,77857.4827609268,8340102.390679031,20.1,54,0,true
2228587,0.3392774354,0.7586474087,44765.1700362479,52045492.16108172,19.47,34,0,false
2229672,0.6959130436,1.5561088719,106955.5054660859,60421576.0109706,17.91,56,0,false
2230111,0.4023045798,0.8995803882,46055.704244769,6481999.516904809,19.1,113,0,true
2230549,0.2111324448,0.4721064988,32425.8318511786,9652302.022236768,20.5,45,0,true
2230599,0.7055941584,1.5777565026,81130.6575597974,58370936.624404095,17.88,27,0,false
2232691,0.2809020939,0.6281161771,68112.6459622531,42271264.52380266,19.88,95,0,true
2234145,0.1401376972,0.3133574171,46387.8270090353,18325939.132231552,21.39,57,0,true
2235756,0.4949427609,1.1067256584,93605.9672967253,46401682.5086066,18.65,55,0,true
2242187,0.67383719,1.5067457626,17123.5760351555,43041994.17122243,17.98,108,0,false
2242643,0.8882904164,1.9862777548,158623.718271367,64236053.91578329,17.38,73,0,true
2247517,0.3210369174,0.7178603705,58648.6824896596,56746489.99059246,19.59,69,0,false
2250680,0.3151773333,0.7047579421,87968.3442350447,70722508.81629159,19.63,31,0,true
2251722,0.3051792326,0.6824015094,46872.5960118013,37758391.08718472,19.7,40,0,true
2264993,0.2315021222,0.5176544822,31238.0220801665,18279892.86296619,20.3,42,0,true
2265482,0.1543671822,0.3451755128,32955.7666111289,70727760.97311048,21.18,55,0,true
2267136,0.439091446,0.9818383215,31277.9397524888,52935166.3718285,18.91,76,0,false
2267221,0.3009920165,0.6730386097,85390.4862808528,10825987.968695989,19.73,80,0,true
2267337,0.6464798256,1.4455728362,49299.6670759678,61260820.61518272,18.07,108,0,true
2267720,0.4431543091,0.9909231597,81197.1486550368,19512100.40410496,18.89,54,0,true
2267729,0.5788352575,1.2943149835,66227.2556387962,14854011.507249516,18.31,74,0,true
2267940,0.2325706875,0.5200438667,43988.970847608,44080304.87621744,20.29,33,0,false
2271480,0.7844314124,1.7540419619,65822.1328450436,9859715.459768852,17.65,146,0,false
2275714,0.4748483974,1.0617932956,77123.7755436949,38457103.63183628,18.74,45,0,false
2277475,0.2658,0.5943468684,73588.7266634981,61438126.52395093,20,89,0,true
2277570,0.3602093458,0.8054525833,59951.2591118682,15007763.306185164,19.34,47,0,true
2277830,0.1925550782,0.4305662442,80142.9255384739,73989816.10069294,20.7,66,1,false
2279744,0.3051792326,0.6824015094,55657.907452624,13870328.828131352,19.7,39,0,true
2285179,0.3841978911,0.8590926012,53801.4168952934,50562039.97888702,19.2,37,0,false
2286079,0.385971268,0.8630579925,69071.3527284299,24644840.259519063,19.19,61,0,false
2286080,0.1572370824,0.3515928047,37808.3785895838,22568301.15827712,21.14,25,0,true
2293726,0.0802703167,0.1794898848,60023.1119445486,51211977.46944613,22.6,38,0,false
2297274,1.1602590821,2.5944181791,69350.8568617699,25813935.66069925,16.8,78,0,true
2297418,0.5064714588,1.1325046106,30986.0488641536,64192666.55417995,18.6,119,0,true
2301844,0.3195618867,0.7145621017,84337.4568962837,46941247.2741114,19.6,40,0,true
2302169,0.2954982931,0.6607542706,74711.6072389094,36340058.648364,19.77,22,0,true
2302830,0.4683332331,1.0472249454,49017.0963529616,40948499.25844024,18.77,49,0,false
2306383,0.135692229,0.303417048,56545.0822329437,6168069.688211278,21.46,30,0,true
2307493,0.5135171787,1.1482593191,58014.9961192512,38462563.26594108,18.57,41,0,true
2308242,1.3885290704,3.1048453901,87871.756438075,74460451.34378804,16.41,75,0,true
2308635,0.1243240006,0.2779969165,52076.914636486,53537927.27649588,21.65,126,0,true
2309662,0.2914439045,0.6516883822,72369.3866028268,73313495.91873512,19.8,80,1,false
2310442,0.2848098313,0.6368541435,33163.1060000277,29867634.29272641,19.85,81,0,true
2310842,0.2968622513,0.6638041738,33043.2797931302,18334012.600160137,19.76,94,0,false
2311044,1.0059003902,2.249261651,132643.2284246214,30024828.727605227,17.11,34,0,true
2315508,0.2424124811,0.5420507863,53347.4038346576,71952907.7790212,20.2,31,0,false
2322705,0.3986162293,0.8913329856,68358.707404943,24085038.761828307,19.12,30,0,false
2326291,0.4174024334,0.933340215,75762.6273157943,70522260.86241613,19.02,33,0,false
2329437,0.3618719966,0.8091703835,51148.4480309207,41764711.22107504,19.33,149,0,true
2329520,0.2914439045,0.6516883822,39418.5342512034,21670632.168081377,19.8,85,0,false
2329614,0.7354530894,1.644523102,85386.7744381069,48995468.7218359,17.79,89,0,true
2333478,0.620233153,1.3868834919,81317.0806762018,47509466.15027408,18.16,29,0,false
2333578,0.2503542548,0.5598091321,68139.4756791269,67738694.89602333,20.13,83,0,true
2333707,0.3424167308,0.7656670868,26373.4412002966,55315149.732739285,19.45,48,0,false
2337084,0.3151773333,0.7047579421,10984.6695668045,54528550.59367206,19.63,62,0,false
2337118,0.5977987142,1.3367185619,124552.5798701592,67100975.99101393,18.24,51,0,false
2342866,0.2538370294,0.5675968529,116258.207845941,68560541.11835659,20.1,51,0,true
2347813,0.77366861,1.729975604,38081.5547275303,58630742.901158,17.68,236,0,false
2348314,0.6991252322,1.5632915441,93355.4574530683,68846163.87353106,17.9,60,0,true
2349507,0.5182686946,1.1588840318,108534.8579025074,53863147.241478525,18.55,73,0,true
2350523,0.1572370824,0.3515928047,55173.513074315,51580434.390333615,21.14,47,0,true
2350964,0.5352479056,1.1968507018,102041.6195420363,45671056.803860046,18.48,48,0,false
2351278,0.4726666672,1.0569147985,74157.4855968865,68700210.94067383,18.75,43,0,false
2352102,0.3424167308,0.7656670868,100609.2264859175,7500449.818115635,19.45,26,0,true
2354182,0.1925550782,0.4305662442,22667.5030826129,15595261.84720069,20.7,34,0,true
2356991,0.4411182,0.9863702813,59427.6648118877,35679997.869942,18.9,52,0,true
2357022,0.4116754573,0.9205343072,101810.5614722732,64516646.92129221,19.05,71,0,true
2357439,0.3585543342,0.8017518649,43805.3321022318,58535069.90216648,19.35,94,0,true
2358471,0.4023045798,0.8995803882,47247.4425611358,34411052.3531648,19.1,30,0,true
2359170,0.2658,0.5943468684,53898.168565467,31234555.912583143,20,24,1,true
2363305,0.1414343753,0.3162568776,16583.1280989207,5694556.526172478,21.37,91,0,true
2363505,0.573528464,1.2824486324,49242.1567458845,66097234.8405317,18.33,236,0,true
2363599,0.163137941,0.3647875257,102793.5548368448,22885266.47735082,21.06,60,0,true
2363790,0.7154099509,1.599705282,46656.475608101,5378126.273800406,17.85,130,0,true
2365014,0.2424124811,0.5420507863,76690.9311878902,18665496.257879253,20.2,52,1,true
2365071,0.6376097899,1.4257388333,89450.36317399,53275173.87682362,18.1,147,0,true
2365424,0.1108038821,0.2477650126,73569.824247596,64917926.82660044,21.9,26,1,true
2366746,0.2469192656,0.5521282628,79333.8427868915,36218517.93368144,20.16,38,0,true
2367248,0.2658,0.5943468684,77540.451738566,74417680.96867995,20,51,1,true
2368790,0.2901048414,0.648694146,51735.2970581564,64551696.92432428,19.81,41,0,false
2369057,0.1460679643,0.3266178974,95486.2973623069,40835588.88975732,21.3,33,0,true
2373135,0.3346223745,0.7482383761,96749.3251754978,71346515.61045638,19.5,63,0,true
2374158,0.4859090375,1.0865256386,124547.774292491,52274118.80097661,18.69,54,0,true
2376707,1.1080388213,2.4776501261,76854.9706478294,50698229.40675871,16.9,46,0,false
2376788,0.3503926411,0.7835017643,44518.6505280319,44170996.41573583,19.4,50,0,false
2378160,0.3080030213,0.6887156928,56073.8253878388,34539285.85215436,19.68,48,0,true
2378358,0.3669061375,0.8204270649,66655.4654958113,44506212.94422569,19.3,38,0,true
2380636,0.2996090839,0.6699462782,74260.5171033517,62361964.47506855,19.74,53,0,true
2382406,0.2210828104,0.4943561926,59782.2956206168,65346490.52607736,20.4,28,0,true
2382745,0.2315021222,0.5176544822,39196.8566813041,28232131.448814984,20.3,50,0,true
2382758,0.2424124811,0.5420507863,23834.8047157998,6352640.278983712,20.2,88,0,true
2385186,0.7808272775,1.7459828712,45243.8608660916,38587952.89446216,17.66,207,0,true
2385252,0.3503926411,0.7835017643,89979.0242232517,15900605.3565477,19.4,29,0,true
2385605,0.4212646106,0.9419763057,44349.888372188,32133056.45749907,19,57,0,true
2386454,0.2658,0.5943468684,100749.4062241568,33302469.110882163,20,28,0,true
2386847,0.6405528629,1.4323197447,62833.715848219,40516836.92332221,18.09,60,0,true
2387668,0.2210828104,0.4943561926,61041.7832655042,4595147.552785041,20.4,38,0,true
2387816,0.3503926411,0.7835017643,78348.2863955551,72191984.95211962,19.4,41,0,false
2388188,0.4154846434,0.9290519063,113198.9017959122,21939857.291288134,19.03,75,0,true
2388945,0.2170475943,0.4853331752,74124.0681426702,63730463.43990677,20.44,82,0,true
2393569,0.2315021222,0.5176544822,79577.9982227128,66774152.98013573,20.3,82,0,false
2395207,0.3108529381,0.6950883007,83403.594023341,51398680.63769456,19.66,63,0,true
2398188,0.3503926411,0.7835017643,64793.5677084254,65885882.924916334,19.4,62,0,true
2401954,0.4619074603,1.0328564805,41922.4000043689,56182442.23216069,18.8,34,1,true
2405212,0.6554732558,1.4656827575,48399.6832411234,65542075.69386237,18.04,52,0,true
2406213,0.2315021222,0.5176544822,42231.5967500273,2086040.376121169,20.3,68,0,true
2406952,0.9650614696,2.1579430484,121830.6180350869,67176348.7385639,17.2,28,0,false
2409266,0.1529519353,0.3420109247,20894.8544177834,16624276.764950704,21.2,34,0,false
2409836,0.634680239,1.4191881584,100905.8042749957,74687733.69722313,18.11,45,0,true
2411165,0.1067959975,0.2388031102,98314.0814087057,63995212.54996376,21.98,18,0,true
2413260,0.3424167308,0.7656670868,65012.7334790304,71408318.1557012,19.45,67,0,true
2413563,0.8064082768,1.8031837245,42428.6513436211,44743652.7237576,17.59,33,1,false
2413577,0.2424124811,0.5420507863,57823.6224597559,37615262.27787713,20.2,74,0,true
2414286,0.5111577815,1.1429835468,57277.3623667153,40257823.99399249,18.58,55,1,true
2415949,0.3720103103,0.8318403423,57514.8174526854,34254141.36137027,19.27,45,0,false
2416224,0.6707411893,1.4998228946,38525.347418549,48354423.80738277,17.99,97,0,false
2416801,0.3122877701,0.6982966825,63371.5289209638,69835210.71339339,19.65,54,0,true
2417211,0.5895966084,1.3183780956,36742.3114137595,26616600.98269343,18.27,71,0,true
2417217,0.3195618867,0.7145621017,48852.2531712888,36309491.37542605,19.6,43,1,true
2417419,0.1772372393,0.3963145151,21934.3968479954,56066542.43428179,20.88,51,0,true
2417816,0.2315021222,0.5176544822,33654.3505180528,39991198.32825422,20.3,41,0,true
2417871,0.6033300776,1.3490870665,88695.0993052343,72902116.15259041,18.22,46,0,true
2418094,0.3195618867,0.7145621017,70372.0544026187,64937778.88282348,19.6,72,0,true
2418797,0.3503926411,0.7835017643,56317.2795226516,41148292.73398663,19.4,62,0,false
2418849,0.2140695897,0.4786741544,82930.0398188054,60288084.745242015,20.47,39,0,true
2419472,0.2658,0.5943468684,46456.54793888,69383075.96960503,20,48,0,true
2419624,0.2101623793,0.4699373665,42877.6495396276,38592774.70308842,20.51,75,0,true
2423321,0.1838886721,0.411187571,22845.3453105442,2433586.282343252,20.8,67,0,true
2423709,0.2968622513,0.6638041738,41023.5728756666,5535713.881801153,19.76,94,0,true
2424482,0.3080030213,0.6887156928,23634.2146289351,63708856.60066863,19.68,43,0,true
2427684,0.2424124811,0.5420507863,82668.293925642,48379107.81496766,20.2,49,0,false
2428694,0.3536347843,0.7907514169,124683.7576632854,69309203.61389223,19.38,50,0,false
2429584,0.2914439045,0.6516883822,115509.7402891636,74739278.21180353,19.8,50,0,true
2433953,0.1925550782,0.4305662442,18757.8905634001,23287013.45712877,20.7,77,0,true
2434154,0.2914439045,0.6516883822,47372.8021937251,49402967.99403173,19.8,42,0,false
2434188,0.3931470096,0.8791034386,60780.4302937572,68708504.42218982,19.15,30,0,true
2434326,0.5254785303,1.1750057146,45797.7924477821,7531339.504383011,18.52,33,1,true
2436774,0.5352479056,1.1968507018,48012.3728189712,54814388.00683019,18.48,40,1,true
2437905,0.2914439045,0.6516883822,68217.8455545286,15438533.200249908,19.8,29,0,true
2438105,0.4949427609,1.1067256584,82860.4991218248,24925762.170904957,18.65,64,0,true
2438661,0.3669061375,0.8204270649,38894.6918986621,68885249.59326193,19.3,35,0,true
2438908,0.1970402621,0.4405954204,90155.6349145135,63630195.018745646,20.65,68,0,true
2438955,0.1654074158,0.3698622257,29380.0045828253,53301598.4257064,21.03,57,0,true
2440212,0.4472547654,1.0000920588,25784.9753783225,8124362.874255079,18.87,108,0,true
2442037,0.3824326621,0.8551454293,76190.8906249499,27921874.03839293,19.21,82,0,true
2443103,0.67383719,1.5067457626,51518.4781756349,16977798.926561844,17.98,115,0,true
2444193,0.6259720997,1.3997161669,47412.3184644406,15257408.2822574,18.14,60,0,true
2446791,0.5815070396,1.30028927,66791.2061479154,14721869.419831105,18.3,50,0,true
2446833,0.1677084622,0.3750075218,46444.1890143038,12528055.940681769,21,47,0,false
2446862,0.2315021222,0.5176544822,24767.1374009538,10987656.202676084,20.3,22,0,true
2446924,0.2492039814,0.5572370428,43483.6068478538,13156122.910797074,20.14,73,0,false
2450259,0.3122877701,0.6982966825,31073.413158588,58528369.41356918,19.65,72,0,false
2450270,0.2016299194,0.4508582062,46363.6706038582,16079974.564018318,20.6,27,0,true
2450894,0.6317641482,1.4126675811,46961.809522663,2255980.983357805,18.12,67,0,true
2451003,0.3503926411,0.7835017643,43617.3107982026,17554679.95323135,19.4,42,0,true
2451157,0.1756123185,0.3926810818,17870.9052876759,49077830.89130927,20.9,56,0,true
2451370,0.1332155667,0.2978790628,28337.4561940083,61348246.71743495,21.5,43,0,true
2452397,0.2538370294,0.5675968529,4871.8479862216,46439724.05016464,20.1,32,0,false
2455148,0.160160338,0.358129403,41869.795008636,17564967.379877213,21.1,69,0,true
2455176,0.1899131235,0.4246586539,133216.4743165159,55023720.8747931,20.73,29,0,true
2455184,0.1508533561,0.3373183589,47483.6367835681,41055218.53423297,21.23,41,0,true
2455299,0.6676594135,1.4929318344,45948.0708817826,15589395.32184928,18,96,0,true
2455594,0.6991252322,1.5632915441,135849.7168068071,57415178.81120693,17.9,44,0,false
2457768,0.5630603897,1.2590413069,61001.4826132776,30013571.11389305,18.37,31,0,true
2458116,0.2424124811,0.5420507863,109437.6896984898,49309065.08191741,20.2,31,2,true
2458418,0.3346223745,0.7482383761,78550.8153760303,28784974.760617573,19.5,26,0,true
2458452,0.2874451443,0.6427468824,23850.4137905777,31776354.997075327,19.83,33,1,false
2459462,0.2694976463,0.602615057,52386.5802495218,58636663.326621965,19.97,55,0,false
2462238,0.2016299194,0.4508582062,58315.8699669712,69588556.16882288,20.6,58,1,true
2462550,0.3180936332,0.7112789871,86636.7866747588,55028453.98684224,19.61,44,0,true
2465617,0.1394938229,0.3119176705,23657.5888763704,4913134.400914037,21.4,22,0,true
2465633,0.2251930467,0.5035469604,74345.262707088,57943615.41003647,20.36,32,0,true
2465824,0.1209358264,0.2704207287,90532.1815248301,68009956.86902907,21.71,38,0,true
2466130,0.5950520786,1.330576898,155957.3797191203,62718896.8697242,18.25,37,0,true
2467336,0.2111324448,0.4721064988,23682.5314430531,15858192.909303362,20.5,70,0,true
2468448,0.7287104149,1.6294460236,26070.4861529181,56552656.494186856,17.81,116,0,false
2468727,0.1864468183,0.41690776,98405.1387276908,61084228.2882544,20.77,29,0,true
2468910,0.1243240006,0.2779969165,31451.0181876415,22937227.81647641,21.65,28,1,true
2470310,0.3503926411,0.7835017643,78077.4044406415,32598984.020182926,19.4,48,0,true
2471323,0.3520099801,0.7871182442,113579.5072457639,69101301.64955588,19.39,22,0,true
2474163,0.1732028271,0.3872932954,26659.7510172043,14041391.329634268,20.93,70,0,true
2474451,0.1272198785,0.2844722965,28176.469800203,21389763.82769273,21.6,41,0,false
2474585,0.3122877701,0.6982966825,91002.9308444402,73007804.57938056,19.65,20,1,false
2475534,0.152249185,0.3404395273,75534.1748768412,21201559.773934167,21.21,39,0,true
2476093,0.3346223745,0.7482383761,68199.9543810965,51730074.791008055,19.5,27,0,false
2476187,0.2658,0.5943468684,78736.4169885396,50121795.51316285,20,29,0,false
2477519,0.3789264984,0.8473054089,73734.6179849836,74642179.17111623,19.23,51,0,true
2477719,0.0242412481,0.0542050786,28592.0279189266,25270707.482714742,25.2,30,0,false
2480820,0.1805323255,0.4036825521,51614.9136494582,60808964.36278914,20.84,35,0,true
2481543,0.1231841913,0.2754482254,17301.0779840596,55655397.86590831,21.67,29,1,false
2482244,0.2848098313,0.6368541435,28918.7516623319,63253674.42859008,19.85,32,0,false
2482718,0.1608996045,0.3597824532,49855.1281776688,47455098.67900741,21.09,39,0,false
2482796,0.3346223745,0.7482383761,54337.5974732965,49162141.07936642,19.5,78,1,true
2483459,0.229379698,0.5129085974,56862.7069211392,41737287.07418471,20.32,56,0,false
2484402,0.3080030213,0.6887156928,56078.0786268936,3115257.505312061,19.68,72,0,true
2487577,0.1529519353,0.3420109247,32574.0475112813,39990235.36676503,21.2,49,1,true
2488461,0.2424124811,0.5420507863,91030.9980425872,39085697.21637357,20.2,31,0,false
2488490,0.1123453177,0.2512117673,50427.0785920259,27343388.48480896,21.87,34,1,true
2489486,0.3455850738,0.7727517171,31037.558290591,4844979.8403503,19.43,45,1,true
2490354,0.1394938229,0.3119176705,25613.513379586,57172162.21755866,21.4,32,1,true
2490581,0.2707415909,0.6053966017,40932.6537469993,49153897.24938349,19.96,56,1,true
2494690,0.2597496533,0.580817882,65996.3695197182,30517581.16307197,20.05,37,0,true
2494710,0.1838886721,0.411187571,29186.5150858898,25037076.21063666,20.8,47,0,true
2494999,0.3051792326,0.6824015094,70456.7177113874,28346971.68986004,19.7,24,1,true
3002856,0.2658,0.5943468684,85339.303388559,27025626.03348496,20,25,0,true
3005973,0.1160259082,0.2594418179,83508.5670170854,39780434.93065944,21.8,29,1,true
3013045,0.1440638367,0.3221365319,98817.7219536006,66020142.88434013,21.33,12,2,true
3014110,0.1460679643,0.3266178974,74776.8011274875,40945081.72501965,21.3,26,0,true
3014117,0.2401900301,0.5370812349,56119.3237623132,33528896.3778521,20.22,35,0,true
3020976,0.1160259082,0.2594418179,64156.7093424628,11469951.328155791,21.8,11,7,true
3022970,0.2111324448,0.4721064988,89124.153572993,24735515.462950043,20.5,33,0,true
3025766,0.1010543415,0.2259643771,108612.006871585,68774812.46632457,22.1,24,0,true
3028805,0.1838886721,0.411187571,24325.6012767197,31238937.888511825,20.8,33,0,true
3031184,0.4411182,0.9863702813,89126.3390516482,73405446.02513379,18.9,31,0,true
3046122,0.4023045798,0.8995803882,77534.1193782769,72428046.69591223,19.1,43,0,true
3046125,0.1301832102,0.2910985075,64099.9387270678,8839575.82461105,21.55,25,0,true
3063058,0.096506147,0.2157943048,50937.429742942,49786392.421169296,22.2,15,1,true
3078262,0.2210828104,0.4943561926,66672.3340312488,6106005.496291833,20.4,15,8,true
3079950,0.1214940408,0.2716689341,37286.0249338044,9327649.362296736,21.7,24,1,false
3082923,0.1272198785,0.2844722965,49820.6678490817,8720569.013610331,21.6,12,0,true
3082930,0.1332155667,0.2978790628,63626.7118422676,6478522.638009204,21.5,12,1,true
3092144,0.046190746,0.1032856481,45778.0478194724,55256428.72409903,23.8,13,3,false
3092248,0.0802703167,0.1794898848,34848.1150989349,71149728.97729804,22.6,16,2,false
3092310,0.0667659413,0.1492931834,17945.4711618243,45570055.44289465,23,12,1,false
3092313,0.1214940408,0.2716689341,46339.2295836034,16194228.800287006,21.7,18,0,false
3092314,0.3669061375,0.8204270649,60137.637805733,50749701.81516577,19.3,21,1,false
3092339,0.0880146521,0.1968067451,51552.3502235297,7138154.36974005,22.4,21,0,false
3092375,0.1332155667,0.2978790628,48946.2284802406,20539616.53071501,21.5,16,7,false
3092385,0.3300311834,0.7379721607,55405.8249395677,11187241.437987449,19.53,7,0,true
3092474,0.1460679643,0.3266178974,24052.0770801441,23951971.42654373,21.3,9,2,true
3102683,0.1010543415,0.2259643771,62445.9942807721,2915989.088369784,22.1,12,1,true
3102728,0.1724070324,0.3855138443,60790.8220530962,10052770.179582808,20.94,47,0,true
3102729,0.1394938229,0.3119176705,54887.9445708361,18304257.299581185,21.4,6,7,true
3102731,0.0578835257,0.1294314984,64838.37306006,68500377.98624952,23.31,11,7,false
3102780,0.1332155667,0.2978790628,14666.3261548901,20541644.73375712,21.5,36,0,false
3114027,0.219055911,0.4898239078,50475.5630714113,40177708.9191646,20.42,10,1,true
3114030,0.02658,0.0594346868,56541.1458579181,3961864.523816869,25,12,6,false
3120892,0.3503926411,0.7835017643,81913.819731737,21815503.6429766,19.4,33,0,true
3124996,0.2180494405,0.4875733714,26880.2655677091,14295456.548770323,20.43,18,1,true
3125003,0.1394938229,0.3119176705,50481.4833224874,55614625.95378576,21.4,29,0,true
3126185,0.2914439045,0.6516883822,60832.520199347,47933483.884637214,19.8,18,0,false
3127387,0.0384197891,0.0859092601,46007.3241629798,28885556.23028145,24.2,12,7,false
3132128,0.1108038821,0.2477650126,35554.0525577546,9444291.375047855,21.9,23,6,true
3137727,0.0483676488,0.1081533507,36760.4024539482,791782.690302948,23.7,18,0,false
3137864,0.0350392641,0.0783501764,17102.8105649694,4651509.477814335,24.4,14,0,false
3137865,0.1272198785,0.2844722965,33869.0672024144,42013145.95037896,21.6,13,0,true
3143121,0.1118291378,0.250057554,61910.0780463896,55147405.08759617,21.88,16,1,false
3144144,0.1108038821,0.2477650126,21123.2375528546,35172473.15344552,21.9,12,1,false
3145497,0.0766575574,0.1714115092,16524.9045802653,13830156.145236868,22.7,16,5,false
3146503,0.3346223745,0.7482383761,69876.962750052,16236356.278548785,19.5,16,2,false
3147555,0.1394938229,0.3119176705,50109.1509946691,8150242.707373599,21.4,30,2,true
3150191,0.0160160338,0.0358129403,28075.0802934806,541944.508581611,26.1,13,5,false
3151644,0.1594244681,0.3564839479,66417.5139840292,66781776.20335497,21.11,29,1,false
3152317,0.1344481952,0.3006353038,32204.4598364816,11864843.404415026,21.48,19,0,true
3153509,0.1160259082,0.2594418179,49643.970460448,6710855.490334408,21.8,40,0,true
3153530,0.0291443905,0.0651688382,18764.502158043,2233580.482539958,24.8,14,6,false
3157028,0.1756123185,0.3926810818,46214.422453107,14802506.875461252,20.9,36,0,true
3157333,0.4836764882,1.0815335068,20516.7311416427,51969964.60965589,18.7,50,0,false
3157482,0.3108529381,0.6950883007,53537.6620395108,67337051.3631725,19.66,22,0,false
3158115,0.0802703167,0.1794898848,32735.1068074154,15802453.326373056,22.6,15,5,false
3158120,0.4212646106,0.9419763057,31780.0981750054,17770568.31953595,19,56,0,false
3160726,0.0133215567,0.0297879063,39268.865704757,1528641.270624746,26.5,12,7,false
3160727,0.2658,0.5943468684,32750.5457137994,45878928.57934624,20,38,0,false
3160728,0.3841978911,0.8590926012,21762.6068944466,25117894.096257813,19.2,37,0,false
3160737,0.1529519353,0.3420109247,81487.6041612578,17928710.36716249,21.2,18,0,true
3160748,0.0040230458,0.0089958039,32728.5346442285,161879.496092112,29.1,8,6,false
3160847,0.2783267681,0.6223575734,17659.4316241459,41251550.5095448,19.9,23,6,false
3160850,0.3051792326,0.6824015094,44985.0120485814,19324106.22119821,19.7,26,1,true
3163746,0.2262324906,0.5058712276,109970.6072981616,18449342.878947947,20.35,20,0,false
3163759,0.04411182,0.0986370281,38783.020735445,7127500.817267148,23.9,20,7,false
3164411,0.2538370294,0.5675968529,41722.4777978275,45054379.12350209,20.1,24,0,false
3164413,0.058150704,0.130028927,38813.2589138512,12419801.775783038,23.3,13,8,false
3170204,0.1272198785,0.2844722965,71472.6486979265,52583531.76134208,21.6,35,0,true
3170210,0.2210828104,0.4943561926,51403.3660763406,51218601.88752653,20.4,9,7,false
3170231,0.1272198785,0.2844722965,34436.8006200486,66518532.66122144,21.6,26,0,true
3172317,0.0350392641,0.0783501764,29024.8989151267,8907304.95875208,24.4,11,8,false
3172322,0.0334622374,0.0748238376,18071.8386958462,10544027.0402638,24.5,11,7,false
3172328,0.1214940408,0.2716689341,58228.7088758324,62556037.59734231,21.7,9,4,false
3174184,0.0350392641,0.0783501764,35292.3502120325,7054496.533114603,24.4,15,0,false
3174187,0.096506147,0.2157943048,71837.9719732832,34147603.353316605,22.2,12,3,false
3174196,0.6376097899,1.4257388333,133827.4635660173,42032406.57142295,18.1,31,0,false
3174201,0.2424124811,0.5420507863,69077.330155606,21924788.85135516,20.2,13,9,false
3175328,0.1394938229,0.3119176705,99854.5091591599,68611666.47466505,21.4,25,2,false
3176186,0.1925550782,0.4305662442,53704.5518019755,21708723.301333323,20.7,22,0,true
3177177,0.0880146521,0.1968067451,35176.1933190244,8642475.350081239,22.4,22,7,false
3177201,0.0483676488,0.1081533507,14534.1915984,1969170.002221495,23.7,24,5,false
3177202,0.0192555078,0.0430566244,53368.0692693617,65510974.40140788,25.7,21,5,false
3177204,0.1756123185,0.3926810818,102989.904395639,22749886.583392847,20.9,16,1,true
3177211,0.160160338,0.358129403,42645.4989276434,69932648.7278943,21.1,12,1,false
3177216,0.0334622374,0.0748238376,38965.7180803482,3917528.906194958,24.5,9,8,false
3177232,0.0167708462,0.0375007522,39990.5106372446,23315769.92264931,26,8,6,false
3179348,0.0483676488,0.1081533507,35470.7660467824,2306327.952029074,23.7,17,7,false
3179365,0.0133215567,0.0297879063,15845.3613526633,69235763.83538033,26.5,6,7,false
3180179,0.0506471459,0.1132504611,30569.4819040852,15066009.11719137,23.6,10,8,false
3182184,0.0231502122,0.0517654482,13226.3804180635,15085819.66000548,25.3,6,9,false
3183840,0.0766575574,0.1714115092,41666.1254791078,17587310.659509785,22.7,20,0,false
3184154,0.0242412481,0.0542050786,32666.3643441185,5443243.025216988,25.2,9,8,false
3184158,0.0530340723,0.1185877909,39981.6116757317,12729412.639170734,23.5,9,9,false
3184473,0.0278326768,0.0622357573,19577.4050528528,3983590.637436756,24.9,20,7,false
3248972,0.0334622374,0.0748238376,18668.6580726369,48039113.74386127,24.5,9,7,false
3249141,0.1289896833,0.2884297004,16503.5029762426,59968638.03133884,21.57,25,0,true
3249347,0.1460679643,0.3266178974,42981.402001909,58465182.489635386,21.3,24,1,true
3249348,0.0121494041,0.0271668934,41215.4302067539,6744017.613126445,26.7,9,7,false
3249980,0.0350392641,0.0783501764,91889.5335276658,58559086.53869351,24.4,8,8,false
3250193,0.1394938229,0.3119176705,105312.9233472772,61168218.93526124,21.4,11,9,false
3252349,0.4212646106,0.9419763057,42787.3005979024,2694609.088975991,19,62,0,true
3253151,0.1108038821,0.2477650126,27560.2974133652,7343713.840869224,21.9,20,0,true
3253645,0.0384197891,0.0859092601,68093.943401736,50456705.74001389,24.2,9,8,false
3256319,0.1394938229,0.3119176705,41341.4652232735,29269626.665901046,21.4,16,1,true
3258075,0.2111324448,0.4721064988,106389.37678784,69387957.30322376,20.5,16,7,false
3261401,0.0319561887,0.0714562102,40879.0077083208,26904691.803527165,24.6,9,7,false
3263540,0.160160338,0.358129403,80015.098017488,71353360.71531461,21.1,17,1,false
3264323,0.1394938229,0.3119176705,65484.3249944309,53125178.585122176,21.4,22,1,false
3266031,0.0121494041,0.0271668934,55752.1038928058,64844037.47656961,26.7,7,6,false
3267783,0.2315021222,0.5176544822,37333.4928318947,22126311.6333994,20.3,24,0,true
3273524,0.1460679643,0.3266178974,52656.6761791301,11867863.426375438,21.3,10,8,true
3274305,0.0231502122,0.0517654482,10623.1628834781,6980367.527296037,25.3,11,7,false
3275203,0.3669061375,0.8204270649,37265.5900199239,25586661.98394064,19.3,22,0,true
3275512,0.2658,0.5943468684,58774.3995413426,71927852.61912085,20,26,1,true
3275974,0.0133215567,0.0297879063,21184.6165319825,58874879.51909917,26.5,7,7,false
3277570,0.1272198785,0.2844722965,61403.8019456135,7171830.660411277,21.6,25,0,true
3278078,0.1160259082,0.2594418179,83145.4835150556,67825314.03744522,21.8,15,1,true
3278402,0.0305179233,0.0682401509,36153.6777822427,48035445.33481269,24.7,15,0,false
3279740,0.1838886721,0.411187571,65349.0573980285,41826575.05656719,20.8,16,6,true
3279865,0.1460679643,0.3266178974,64986.6430919628,59495758.61075672,21.3,18,0,false
3285073,0.2538370294,0.5675968529,76850.5818422588,61593312.89166095,20.1,41,2,false
3285074,0.1214940408,0.2716689341,24226.2065649314,53858139.75197601,21.7,15,1,false
3285304,0.1529519353,0.3420109247,58151.7674551868,14677405.641713964,21.2,13,0,true
3289746,0.0483676488,0.1081533507,28445.7363338442,70861605.45436993,23.7,31,0,false
3292011,0.0608912622,0.1361570015,14822.8485918062,70506940.63430816,23.2,17,6,false
3292264,0.063760979,0.1425738833,47513.50657672,54447510.97408799,23.1,18,7,false
3292769,0.160160338,0.358129403,62365.3189941348,39805231.33112406,21.1,21,1,true
3293789,0.1756123185,0.3926810818,52959.9658676677,74514514.71250458,20.9,18,1,false
3293831,0.0121494041,0.0271668934,77517.824476226,55716913.72179505,26.7,7,7,false
3297375,0.0350392641,0.0783501764,51296.3052734534,47165175.35906512,24.4,8,7,false
3297378,0.2424124811,0.5420507863,63852.1310961583,31818185.733002167,20.2,19,0,true
3297379,0.0139493823,0.0311917671,28536.506899663,27672558.95554363,26.4,7,6,false
3297388,0.0699125232,0.1563291544,49812.6258216072,11293663.55257122,22.9,18,0,false
3299947,0.1460679643,0.3266178974,91648.6503131452,66800589.8259634,21.3,18,0,true
3303213,0.1108038821,0.2477650126,61142.2547267322,5207109.130371676,21.9,16,0,true
3303217,0.0110803882,0.0247765013,32556.8173201291,19823104.75669192,26.9,9,7,false
3305002,0.1925550782,0.4305662442,59627.9222170322,45821439.20996968,20.7,32,0,true
3307228,0.1529519353,0.3420109247,58929.1703745365,58554074.03766236,21.2,26,0,true
3309091,0.0253837029,0.0567596853,46616.0794591176,15689129.005424077,25.1,9,7,false
3309828,0.1997813652,0.4467247133,70883.0054930358,68137956.17255317,20.62,31,0,true
3311964,0.1160259082,0.2594418179,54547.2767247988,74221121.45500785,21.8,49,1,true
3312035,0.3210369174,0.7178603705,142197.3857248132,63616068.8957958,19.59,17,2,false
3312420,0.0555334912,0.1241766613,54297.7428835584,61247673.49061372,23.4,11,6,false
3313733,0.0253837029,0.0567596853,31333.9566724572,71458045.16087961,25.1,17,7,false
3321534,0.0350392641,0.0783501764,38973.5950376866,57869150.960914,24.4,8,8,false
3323933,0.3195618867,0.7145621017,148000.0282587252,71480849.21691157,19.6,15,0,false
3324251,0.0101054342,0.0225964377,47228.3067204446,59524230.45136979,27.1,8,6,false
3324630,0.6676594135,1.4929318344,72533.7331656095,38861142.43602285,18,38,0,true
3327361,0.0667659413,0.1492931834,60997.5951103634,65108159.62195344,23,9,8,false
3328630,0.0366906138,0.0820427065,49211.1294336972,37532817.48550015,24.3,13,7,false
3329371,0.2111324448,0.4721064988,154566.8113327776,73766629.73693848,20.5,14,7,true
3330159,0.0334622374,0.0748238376,18256.6570950733,43141007.39145531,24.5,15,6,false
3330688,0.0506471459,0.1132504611,55997.7981198502,54794770.84918264,23.6,9,7,false
3332535,0.0055533491,0.0124176661,57231.3545091083,63937469.46259969,28.4,9,3,false
3333610,0.1058168859,0.2366137501,27329.1805497851,67125085.27350184,22,16,1,false
3333611,0.2424124811,0.5420507863,53012.8242859169,45799039.02330737,20.2,21,0,false
3334436,0.5303407233,1.1858779086,58445.3768975971,14386769.71231792,18.5,28,1,true
3334817,0.3051792326,0.6824015094,49219.156109047,13229380.673580548,19.7,37,0,true
3335048,0.0506471459,0.1132504611,8864.3917531252,26833892.24790332,23.6,11,8,false
3335613,0.1756123185,0.3926810818,70546.2652405357,5885459.564862438,20.9,10,8,true
3337145,0.102933082,0.2301653685,29919.7297967066,71326761.69043607,22.06,8,7,false
3337325,0.2694976463,0.602615057,91709.7683055174,38864319.29639017,19.97,31,0,false
3337592,0.160160338,0.358129403,37044.8844638292,72797425.25935723,21.1,12,6,false
3345302,0.0066765941,0.0149293183,24358.2545332046,10013278.92994596,28,12,7,false
3346460,0.1394938229,0.3119176705,47706.1539821824,65160057.72605938,21.4,30,1,true
3347493,0.0231502122,0.0517654482,70467.9019937615,69897767.59093788,25.3,10,5,false
3350633,0.1108038821,0.2477650126,43188.1529905926,63676880.040996335,21.9,29,0,true
3351221,0.0211132445,0.0472106499,14653.9881312085,68672581.78486246,25.5,18,6,false
3351222,0.1529519353,0.3420109247,56886.0696900043,22079540.203419,21.2,19,5,true
3352549,0.1108038821,0.2477650126,53256.3800487066,48872078.72316376,21.9,85,1,true
3353630,0.1881719895,0.42076536,107220.3358130449,57033307.030442506,20.75,16,1,false
3358116,0.160160338,0.358129403,61069.8702700318,54279153.03751702,21.1,9,8,false
3358522,0.1394938229,0.3119176705,50949.8319012379,63172165.92440206,21.4,18,1,true
3358690,0.0305179233,0.0682401509,45425.5833340382,56707812.91240329,24.7,9,7,false
3360486,0.4411182,0.9863702813,46135.0872509249,21543091.636345237,18.9,14,1,false
3364159,0.04411182,0.0986370281,24088.8952356526,53269074.77166372,23.9,11,7,false
3364161,0.1272198785,0.2844722965,81586.6783121444,47865416.27035553,21.6,14,8,false
3365921,0.1149621763,0.257063241,40824.0602236854,28575739.68478229,21.82,18,1,false
3365986,0.160160338,0.358129403,38764.8197232926,27572854.50339263,21.1,16,7,true
3366807,0.160160338,0.358129403,45752.5942550856,6538282.364500021,21.1,22,8,true
3367027,0.4836764882,1.0815335068,65216.1936741102,72599672.11924018,18.7,29,0,true
3367899,0.0506471459,0.1132504611,39606.4894587469,36920496.4391917,23.6,10,7,false
3367903,0.160160338,0.358129403,53329.0473407023,7791365.09161433,21.1,20,5,true
3368247,0.0305179233,0.0682401509,22730.4555005623,48514761.11399284,24.7,12,7,false
3368737,0.0152951935,0.0342010925,95709.7797016507,74250804.9336494,26.2,7,8,false
3369098,0.0483676488,0.1081533507,63326.1235545328,70277853.74160641,23.7,11,7,false
3370167,0.1394938229,0.3119176705,95312.9785364111,62645311.6372033,21.4,26,1,true
3370284,0.4836764882,1.0815335068,100855.7480691166,59276494.94251024,18.7,20,1,false
3371135,0.0555334912,0.1241766613,41050.5656386295,30209877.059175503,23.4,12,1,false
3374390,0.0048367649,0.0108153351,51110.3338951788,28100386.394143555,28.7,10,7,false
3374668,0.0421264611,0.0941976306,78166.6312946814,73568900.98127425,24,13,7,false
3378801,0.2315021222,0.5176544822,129355.5481879637,69469229.71205333,20.3,19,0,false
3381449,0.4023045798,0.8995803882,90650.9279214756,8135589.865283265,19.1,38,0,true
3384185,0.04411182,0.0986370281,59005.8041427583,56168437.29844533,23.9,15,3,false
3387458,0.1058168859,0.2366137501,87067.6313214294,54510377.35466573,22,17,6,true
3388081,0.1344481952,0.3006353038,64582.2707073602,39214646.03253832,21.48,22,1,true
3390109,0.0048367649,0.0108153351,52766.6849516128,71405115.89361554,28.7,20,5,false
3392084,0.160160338,0.358129403,113618.7993706117,22797553.027509887,21.1,15,7,true
3392298,0.0305179233,0.0682401509,95718.8269722312,74760718.09981874,24.7,6,8,false
3392310,0.1394938229,0.3119176705,60761.6894494177,20254956.677190583,21.4,11,7,true
3393169,0.2783267681,0.6223575734,42072.6016094198,73749200.32846138,19.9,36,1,true
3394074,0.0160160338,0.0358129403,83015.9039754706,56848471.54672167,26.1,6,7,false
3394543,0.1677084622,0.3750075218,71169.642088466,69436797.40247008,21,34,0,true
3395961,0.046190746,0.1032856481,71619.3610306153,68844728.43708904,23.8,12,2,false
3395986,0.3503926411,0.7835017643,70719.2995876128,56754820.49758128,19.4,19,0,false
3397572,0.1677084622,0.3750075218,66243.6904518346,14477065.056837397,21,39,0,true
3398655,0.0555334912,0.1241766613,25746.8263986506,70992640.2183546,23.4,12,6,false
3399918,0.3346223745,0.7482383761,96449.6727838148,71789547.53329225,19.5,17,0,true
3399920,0.2016299194,0.4508582062,136810.81116229,65488786.17996756,20.6,15,7,true
3401381,0.1058168859,0.2366137501,67771.8456301498,54962825.08711772,22,18,2,false
3401432,0.2538370294,0.5675968529,70833.9605663434,7220822.840852252,20.1,19,0,true
3401433,0.0076657557,0.0171411509,79988.9566715993,39642283.72119994,27.7,6,8,false
3402203,0.096506147,0.2157943048,14460.8483806901,72354183.60030758,22.2,35,0,false
3402204,0.0139493823,0.0311917671,28412.166132485,67229203.6108072,26.4,11,6,false
3402610,0.3720103103,0.8318403423,53150.8328446082,51836833.17168402,19.27,21,1,false
3402615,0.0127219879,0.0284472297,56267.9653656226,24685381.850760967,26.6,7,7,false
3402618,0.04411182,0.0986370281,39478.2815608672,42613851.23071468,23.9,6,7,false
3403074,0.1338304618,0.2992540101,79178.1445878109,38452178.43612206,21.49,11,3,false
3405070,0.4023045798,0.8995803882,70305.6366656172,47188847.00794414,19.1,19,2,false
3406027,0.0152951935,0.0342010925,60547.5325364587,57279907.33082535,26.2,6,7,false
3407944,0.2914439045,0.6516883822,104314.1636626114,47393041.45834872,19.8,22,0,false
3409961,0.1529519353,0.3420109247,41280.7163930568,8981883.0424166,21.2,51,0,true
3409964,0.1805323255,0.4036825521,57660.0358023144,35961435.9986979,20.84,32,2,true
3409990,0.1838886721,0.411187571,92304.2911004539,35430277.765819445,20.8,14,1,false
3409991,0.0201629919,0.0450858206,57388.559476779,57219693.96375354,25.6,12,6,false
3410534,0.0121494041,0.0271668934,74110.1375503415,69328325.55771072,26.7,9,6,false
3414394,0.1108038821,0.2477650126,44127.2224605168,8179537.096915082,21.9,16,8,true
3418110,0.0722029558,0.1614507173,74130.6770596253,53934859.433868095,22.83,13,0,false
3423024,0.1058168859,0.2366137501,86080.6499466989,47918394.12700777,22,26,1,true
3423200,0.1067959975,0.2388031102,99846.7706234833,59306505.08306074,21.98,8,8,true
3423321,0.0921626549,0.2060819612,36344.1596475438,14341494.500394111,22.3,12,7,false
3423827,0.0856160085,0.1914432149,105309.2832152929,68663861.88957782,22.46,11,3,false
3426411,0.058150704,0.130028927,67956.314936243,66472179.37224748,23.3,16,6,false
3427794,0.5656593584,1.2648527775,115781.2308179734,71164862.49230447,18.36,92,2,true
3428255,0.0699125232,0.1563291544,58478.9476890798,16568717.986006076,22.9,12,2,false
3428700,0.1108038821,0.2477650126,63025.6604777957,53395947.43866904,21.9,16,6,false
3429819,0.1092835959,0.2443655492,70441.6299138976,72765320.23999394,21.93,22,2,true
3430304,0.0278326768,0.0622357573,23933.346014763,58448732.36377509,24.9,22,6,false
3432639,0.0110803882,0.0247765013,49783.3613588905,43127415.19826327,26.9,9,7,false
3437789,0.0291443905,0.0651688382,33740.7456929132,51983820.85804825,24.8,8,8,false
3438960,0.160160338,0.358129403,77430.9793299102,31499465.22699912,21.1,18,8,true
3440396,0.063760979,0.1425738833,62151.740136018,59155670.48746945,23.1,11,2,false
3441023,0.0555334912,0.1241766613,27295.4372854031,52864820.89061946,23.4,9,1,false
3441126,0.1332155667,0.2978790628,50287.9419460742,11985446.903401827,21.5,15,7,true
3441820,0.1756123185,0.3926810818,55020.3279258748,66587445.50346864,20.9,15,7,true
3443811,0.1160259082,0.2594418179,76687.4736461704,29766356.26546025,21.8,16,7,true
3444212,0.1529519353,0.3420109247,34944.7476325502,36195405.915474296,21.2,24,1,false
3445070,0.1214940408,0.2716689341,102280.1811628007,50637359.24519846,21.7,21,2,true
3445544,0.0366906138,0.0820427065,53609.2915141364,47170687.80121802,24.3,7,7,false
3448962,0.0319561887,0.0714562102,64476.8981120203,74189764.05099992,24.6,11,6,false
3448993,0.1529519353,0.3420109247,48256.6007156645,66992493.49488622,21.2,12,7,true
3449054,0.1063053145,0.2377059096,49083.9751843092,48188692.85428837,21.99,70,0,true
3449132,0.0069912523,0.0156329154,69973.519894708,43361103.4970494,27.9,7,8,false
3449591,0.1272198785,0.2844722965,72180.2827727327,21751838.55937092,21.6,19,1,true
3451789,0.1460679643,0.3266178974,80613.2701835089,65508654.15340396,21.3,25,0,true
3451790,0.1160259082,0.2594418179,35051.5019505295,25752533.60391221,21.8,19,0,true
3454530,0.063760979,0.1425738833,49190.2979562778,21677593.91439885,23.1,12,8,false
3454735,0.1677084622,0.3750075218,50188.8074640977,33555216.522381395,21,36,1,true
3455137,0.2573682542,0.5754929116,53462.2683027334,63862146.426421925,20.07,28,2,true
3457840,0.1838886721,0.411187571,90692.537458252,17818073.497149125,20.8,26,1,true
3459086,0.1058168859,0.2366137501,73378.225989769,48322581.48187924,22,13,0,false
3459812,0.0732073989,0.1636967205,36104.9276019305,30617122.49370552,22.8,17,0,false
3460325,0.0483676488,0.1081533507,24188.1133032087,59623847.68796258,23.7,17,6,false
3461189,0.5815070396,1.30028927,79063.1855397536,25770222.295417603,18.3,27,0,true
3463079,0.1214940408,0.2716689341,58390.7906136456,11057463.909462044,21.7,15,9,true
3463175,0.3051792326,0.6824015094,67427.2413314701,10094722.239382222,19.7,23,0,true
3464007,0.1332155667,0.2978790628,39207.4089976382,5920873.823748177,21.5,24,4,true
3465236,0.0350392641,0.0783501764,17001.9421577671,38540371.406975485,24.4,18,1,false
3465534,0.0608912622,0.1361570015,53272.6297563571,21808727.81689197,23.2,9,7,false
3466069,0.3669061375,0.8204270649,48396.7590228014,9467578.25820524,19.3,30,5,true
3467177,0.2111324448,0.4721064988,83801.5486503642,72558299.69134787,20.5,20,6,true
3467355,0.2783267681,0.6223575734,70856.8158563654,35262475.7349334,19.9,21,2,true
3467750,0.0366906138,0.0820427065,38185.5043367687,57682257.96792832,24.3,12,7,false
3471513,0.4619074603,1.0328564805,63747.6471202176,45032939.62444133,18.8,16,2,false
3471589,0.058150704,0.130028927,27537.7553709517,14182363.790364316,23.3,21,0,false
3471590,0.2016299194,0.4508582062,71776.3035259519,21357408.84524849,20.6,36,1,true
3471974,0.0384197891,0.0859092601,22276.2092382075,25228561.573995385,24.2,19,0,false
3472299,0.1756123185,0.3926810818,102264.6716087458,59559862.2405183,20.9,10,8,true
3472700,0.0175612318,0.0392681082,16037.1487733023,11281172.68393834,25.9,9,6,false
3475236,0.1272198785,0.2844722965,117214.4092967485,73531410.30395292,21.6,24,1,true
3476134,0.191670368,0.428587972,100897.5326475082,58272913.23343786,20.71,19,2,true
3477942,0.040230458,0.0899580388,107176.8282793423,66871803.85744587,24.1,12,8,false
3477943,0.2914439045,0.6516883822,75117.9169362294,69725420.67204273,19.8,15,6,false
3478250,0.1272198785,0.2844722965,60645.4701891379,56309853.04758376,21.6,17,1,false
3485260,0.1214940408,0.2716689341,66928.0645474866,43019442.11280249,21.7,25,0,true
3508109,0.0334622374,0.0748238376,73058.6335758286,55279564.154372826,24.5,10,7,false
3508146,0.1214940408,0.2716689341,135335.1764569406,57223056.13100243,21.7,15,1,true
3511892,0.2424124811,0.5420507863,112136.3046487271,27044833.921279777,20.2,19,6,true
3512278,0.0127219879,0.0284472297,21909.3121594598,3758945.97868574,26.6,10,6,false
3512284,0.0192555078,0.0430566244,23342.3605005141,44752734.52620935,25.7,11,7,false
3512346,0.1058168859,0.2366137501,51394.7215665076,21434411.88046614,22,11,7,false
3515377,0.160160338,0.358129403,38170.8704687353,3071838.638397297,21.1,49,2,true
3516407,0.160160338,0.358129403,70112.7816763727,43564462.35359129,21.1,15,1,false
3519490,0.1756123185,0.3926810818,90278.4234963132,70232789.26820208,20.9,27,1,true
3520666,0.1797028549,0.4018277992,78802.1899263263,37053921.16378769,20.85,26,3,true
3520758,0.0506471459,0.1132504611,55833.3784953878,64528459.16910741,23.6,13,1,false
3521439,0.1394938229,0.3119176705,46960.9204102625,3194105.86017573,21.4,30,4,true
3523944,0.0557898221,0.1247498347,31848.0266609306,19164480.8209319,23.39,40,0,false
3527904,0.0483676488,0.1081533507,55536.3501565424,59412759.7826682,23.7,17,0,false
3532365,0.1394938229,0.3119176705,52321.0982668412,36054569.0801732,21.4,21,1,false
3544935,0.1214940408,0.2716689341,37070.5146920932,33872478.43419216,21.7,14,2,true
3545705,0.0253837029,0.0567596853,29964.9962768779,18934971.583523583,25.1,7,7,false
3547677,0.058150704,0.130028927,57327.3276136506,36833941.056382,23.3,13,0,false
3548082,0.04411182,0.0986370281,54411.2884668787,31389853.91022376,23.9,20,6,false
3549033,0.2111324448,0.4721064988,52381.5360231067,37243065.54487773,20.5,20,2,true
3549392,0.4792421155,1.071617948,93639.5857537056,72517367.30559014,18.72,42,0,true
3549694,0.2538370294,0.5675968529,80144.6635174306,25059881.583129875,20.1,23,7,true
3550041,0.063760979,0.1425738833,73409.3925388373,61215010.94990856,23.1,37,5,false
3550084,0.4411182,0.9863702813,132493.814215952,71313590.28613277,18.9,15,8,true
3550300,0.1010543415,0.2259643771,67602.4882425234,47104322.550857775,22.1,23,0,false
3550889,0.3051792326,0.6824015094,51853.2301549397,6697732.136866954,19.7,40,0,true
3551067,0.1394938229,0.3119176705,55673.6553952211,58495074.86674262,21.4,18,0,true
3552164,0.0231502122,0.0517654482,82907.919796189,65706151.12212842,25.3,7,8,false
3552671,0.2315021222,0.5176544822,70133.351738962,74527633.36859891,20.3,15,7,false
3553169,0.1375798959,0.3076379996,64662.6851648017,41882838.71075567,21.43,27,1,true
3553279,0.1160259082,0.2594418179,65080.6200229921,26181062.7014018,21.8,19,4,true
3553283,0.1756123185,0.3926810818,37159.8468014344,24869789.84360849,20.9,31,2,true
3555155,0.046190746,0.1032856481,27869.0076099182,73366126.27449512,23.8,14,6,false
3555763,0.1838886721,0.411187571,107033.6499434705,25424652.89121375,20.8,18,2,true
3556126,0.1272198785,0.2844722965,72917.5744233155,35213219.03553869,21.6,12,7,true
3557828,0.0183888672,0.0411187571,20813.4726044073,6563681.04598926,25.8,8,8,false
3557843,0.2016299194,0.4508582062,34706.82412828,42457014.6339409,20.6,30,3,true
3557958,0.0242412481,0.0542050786,22278.862944029,30732526.04553005,25.2,10,6,false
3558378,0.0088014652,0.0196806745,31468.7871132649,15666697.37328948,27.4,6,7,false
3558387,0.2016299194,0.4508582062,76681.8776202008,40506381.15419324,20.6,26,1,true
3559842,0.160160338,0.358129403,141588.089982463,60681775.89468025,21.1,13,1,true
3561029,0.0177237239,0.0396314515,45409.6413157291,58133611.04788616,25.88,13,7,false
3562322,0.3346223745,0.7482383761,97592.2770547004,12260082.667410957,19.5,19,1,true
3562834,0.1108038821,0.2477650126,18219.8520413113,11454409.11176852,21.9,16,4,false
3565066,0.0146067964,0.0326617897,20338.9749391629,37172689.32130641,26.3,9,6,false
3565395,0.0667659413,0.1492931834,41337.4743475283,31595688.68631309,23,11,0,false
3566465,0.0667659413,0.1492931834,59718.60064957,69882723.38585985,23,10,8,false
3566699,0.040230458,0.0899580388,76617.3625832884,39468558.00361634,24.1,9,8,false
3567995,0.1460679643,0.3266178974,36190.424976124,6372369.90430994,21.3,50,5,true
3572706,0.3669061375,0.8204270649,93603.4388915508,71488075.81129809,19.3,18,1,true
3574100,0.1677084622,0.3750075218,49753.0220836435,24147831.22609849,21,25,1,true
3574821,0.1756123185,0.3926810818,40287.3472206497,16885236.00744848,20.9,26,0,true
3579078,0.3151773333,0.7047579421,46105.497744579,64464259.392794766,19.63,31,0,true
3579748,0.0608912622,0.1361570015,65126.6955462074,43643015.8510532,23.2,14,0,false
3581556,0.0732073989,0.1636967205,53339.1457413355,30051497.52493034,22.8,10,7,false
3581669,0.1108038821,0.2477650126,76375.0743155075,16191854.86160755,21.9,10,2,true
3582516,0.1214940408,0.2716689341,28457.6025630551,33823966.65739111,21.7,22,1,true
3582523,0.0069912523,0.0156329154,40794.7699659762,74590675.06292051,27.9,5,7,false
3586027,0.2210828104,0.4943561926,73627.9608703745,16719645.91570846,20.4,12,5,true
3588065,0.0766575574,0.1714115092,26547.0767313096,24850459.345399432,22.7,17,2,false
3588899,0.0699125232,0.1563291544,29864.6985802051,41566627.4397457,22.9,12,6,false
3589298,0.160160338,0.358129403,51870.1464096923,36170206.30387066,21.1,5,8,true
3591407,0.2210828104,0.4943561926,152245.2519899442,69684435.59791522,20.4,15,2,true
3591611,0.1608996045,0.3597824532,50596.0829990824,46317723.98026245,21.09,29,0,true
3591641,0.0334622374,0.0748238376,42507.3072960086,60867644.83040663,24.5,16,1,false
3591688,0.0305179233,0.0682401509,19523.8770639557,6871528.150489656,24.7,13,6,false
3591721,0.2063264836,0.4613600429,83952.3591125017,30106860.839298025,20.55,16,5,true
3591722,0.1460679643,0.3266178974,70680.5353941286,58168790.87194981,21.3,18,6,true
3592016,0.1048467509,0.2344444622,36694.6280529358,31358281.085283022,22.02,7,2,false
3592018,0.0880146521,0.1968067451,72327.7473281906,57438616.51893685,22.4,22,1,false
3595775,0.0925880583,0.2070331923,55443.9923629819,29709793.071456656,22.29,18,0,false
3596144,0.4212646106,0.9419763057,47194.6256243003,18533760.313718107,19,53,0,true
3596845,0.1460679643,0.3266178974,76812.3094429912,22164244.8212202,21.3,22,1,true
3597095,0.1594244681,0.3564839479,35011.0668562572,63836873.57170115,21.11,38,0,true
3600243,0.046190746,0.1032856481,45184.3113127111,48446076.06442229,23.8,11,7,false
3600356,0.058150704,0.130028927,22064.8077844595,49062815.87277568,23.3,37,0,false
3601472,0.4023045798,0.8995803882,67314.6405352069,59452876.21676356,19.1,20,1,true
3601673,0.0038419789,0.008590926,31109.5170399214,45302129.0685561,29.2,8,6,false
3602621,0.0810130488,0.1811506842,80561.5003616155,69022607.93401042,22.58,36,0,false
3602685,0.6991252322,1.5632915441,63401.141996478,52048351.42517103,17.9,57,1,true
3602837,0.0680072129,0.1520687509,59540.7831494969,52047061.51753696,22.96,32,0,false
3604236,0.1677084622,0.3750075218,49345.4175130418,22035967.385336213,21,17,1,false
3604307,0.1272198785,0.2844722965,30347.9381572078,26023187.162380666,21.6,38,0,true
3604618,0.1272198785,0.2844722965,81020.6769425422,53118666.15600725,21.6,9,7,true
3605257,0.0042126461,0.0094197631,54908.2262676226,52353763.03146847,29,18,6,false
3605597,0.0506471459,0.1132504611,74837.6429368349,50109903.574562296,23.6,14,7,false
3606220,0.1756123185,0.3926810818,80688.1424789207,57936065.29529629,20.9,32,1,true
3606252,0.2016299194,0.4508582062,67250.0311103243,71716241.16616082,20.6,64,1,true
3606253,0.1108038821,0.2477650126,63501.6129991909,28193916.1942103,21.9,30,1,true
3606312,0.229379698,0.5129085974,48497.2096123462,62181684.85984048,20.32,27,1,false
3607411,0.2315021222,0.5176544822,118497.2995951168,72861863.95842801,20.3,25,1,false
3607784,0.1756123185,0.3926810818,37347.3367997738,19137615.766161133,20.9,18,5,true
3608618,0.2968622513,0.6638041738,86381.7875226068,38035435.82569446,19.76,10,7,true
3608667,0.0110803882,0.0247765013,87367.3844257379,71717012.25342196,26.9,5,6,false
3608936,0.2538370294,0.5675968529,37770.2328552563,24236836.692903463,20.1,26,0,true
3609163,0.0152951935,0.0342010925,61163.4027948466,66848967.20403804,26.2,4,7,false
3610026,0.063760979,0.1425738833,28120.7778130993,72402134.10086018,23.1,10,8,false
3610526,0.2848098313,0.6368541435,121698.2652200201,14343696.102327328,19.85,15,1,true
3610527,0.2390864572,0.5346135707,85950.1396544857,55573048.03825921,20.23,22,2,true
3611402,0.04411182,0.0986370281,59438.7418715046,18138352.079928007,23.9,6,7,false
3614397,0.1529519353,0.3420109247,69180.230636437,38934793.76088272,21.2,14,1,true
3614980,0.1925550782,0.4305662442,127727.8712019022,29053096.27041777,20.7,19,0,true
3616348,0.0840533402,0.1879489824,29872.4486249843,46964193.64259709,22.5,16,3,false
3617959,0.0766575574,0.1714115092,70851.8296916888,20871874.192853726,22.7,11,7,false
3618025,0.1838886721,0.411187571,60503.8224725482,73703676.9785506,20.8,15,3,false
3619158,0.0167708462,0.0375007522,27643.1607514425,52192716.58607524,26,7,7,false
3619342,0.4023045798,0.8995803882,53326.8331006997,43565409.72698243,19.1,51,0,true
3619726,0.0732073989,0.1636967205,41419.8787157442,32701722.27225816,22.8,21,3,false
3621619,0.0608912622,0.1361570015,49903.5534313147,60913294.35116096,23.2,9,1,false
3621700,0.1529519353,0.3420109247,63178.099671901,10943914.279161057,21.2,17,1,true
3623580,0.1394938229,0.3119176705,83560.9281168712,45153512.66530181,21.4,25,2,true
3623673,0.2379879547,0.5321572445,62031.9161176747,19891503.281462047,20.24,19,1,true
3624059,0.0384197891,0.0859092601,73518.4918151485,34222022.45932468,24.2,12,7,false
3624741,0.4451998164,0.9954970531,128299.3370977511,57027713.98495724,18.88,24,3,true
3624756,0.0555334912,0.1241766613,50885.0543375921,9676462.646713672,23.4,15,7,false
3633139,0.0832827346,0.1862258558,41618.9416949636,41188008.05131317,22.52,26,3,false
3634154,0.0146067964,0.0326617897,41361.8850529222,20422138.460347828,26.3,18,7,false
3634185,0.2111324448,0.4721064988,67369.0088993965,65989139.56353071,20.5,30,1,true
3634347,0.1925550782,0.4305662442,39953.1311913416,66863019.216203086,20.7,23,4,false
3634615,0.1677084622,0.3750075218,58251.0778450351,17139263.408243,21,21,1,true
3634889,0.02658,0.0594346868,29465.7104535779,11611958.75182986,25,9,7,false
3634904,0.1925550782,0.4305662442,72136.9014133752,74347492.87938994,20.7,16,1,true
3635331,0.1214940408,0.2716689341,87197.9934149132,54412687.59686918,21.7,28,0,true
3638380,0.1460679643,0.3266178974,74469.3503792216,12490406.97385418,21.3,17,0,true
3638430,0.1677084622,0.3750075218,90717.553169384,24972723.635059606,21,15,1,false
3638501,0.1925550782,0.4305662442,51562.0291080344,38330310.266661845,20.7,13,6,false
3640745,0.5303407233,1.1858779086,85764.8743518467,40850691.37816552,18.5,33,1,true
3644175,0.1272198785,0.2844722965,54104.5616865376,32232621.11044055,21.6,13,0,false
3644702,0.2424124811,0.5420507863,96456.1371374765,71888795.68202019,20.2,43,0,true
3644727,0.0088014652,0.0196806745,13607.9925163387,32608770.249084927,27.4,6,6,false
3645088,0.1529519353,0.3420109247,104925.4647260508,57278336.11935653,21.2,25,6,false
3645307,0.0073207399,0.016369672,55520.4073501418,43520050.770171,27.8,9,7,false
3645541,0.063760979,0.1425738833,11871.5970554016,71750523.55260237,23.1,8,1,false
3645651,0.0167708462,0.0375007522,43112.5687459537,58186013.02753782,26,9,7,false
3646046,0.1557955241,0.3483693825,68117.5490899691,30655679.16056912,21.16,13,4,true
3646734,0.1283970296,0.2871044863,71459.1900082174,63271025.44778329,21.58,19,1,true
3648542,0.0291443905,0.0651688382,47723.3134082176,71465507.95534307,24.8,9,7,false
3648632,0.04411182,0.0986370281,37075.4447452607,41853129.27688366,23.9,6,7,false
3648711,0.02658,0.0594346868,50795.6676102565,56851561.236410126,25,9,7,false
3648767,0.0608912622,0.1361570015,71353.0980767477,54170999.342547774,23.2,7,7,false
3651153,0.2538370294,0.5675968529,66836.9849177254,37048285.1238746,20.1,16,2,true
3651161,0.0242412481,0.0542050786,94377.8309159588,68679043.18614393,25.2,4,8,false
3651205,0.0127219879,0.0284472297,81278.0575495448,70390346.97158861,26.6,19,3,false
3652985,0.0840533402,0.1879489824,39239.213286154,33303070.793515302,22.5,19,3,false
3653322,0.0319561887,0.0714562102,17768.8148509916,11646149.090701982,24.6,7,7,false
3653472,0.1160259082,0.2594418179,38103.429834698,28889510.13190512,21.8,24,4,false
3653519,0.0443154309,0.099092316,70359.1200638338,61779029.71627312,23.89,7,6,false
3653537,0.1420872067,0.317716653,55650.0698068936,41239322.85836419,21.36,26,2,true
3653699,0.1529519353,0.3420109247,65857.3608925249,29177662.33274492,21.2,23,6,true
3653902,0.1160259082,0.2594418179,44023.0518940298,15695625.248049464,21.8,11,2,true
3653917,0.1677084622,0.3750075218,33486.8898307859,69782030.76497857,21,31,1,false
3653970,0.2315021222,0.5176544822,80228.9832175584,61515184.880460896,20.3,41,0,true
3654342,0.0167708462,0.0375007522,54956.5466784502,17202778.72942102,26,5,8,false
3654382,0.02658,0.0594346868,46392.5701887962,17002097.450355314,25,39,2,false
3654483,0.0201629919,0.0450858206,15668.2660453937,35297464.20836154,25.6,16,5,false
3655395,0.0192555078,0.0430566244,39090.9281390618,34203238.48701408,25.7,6,7,false
3655553,0.0983003302,0.2198062205,15137.6272827409,46558498.99942664,22.16,13,2,false
3655754,0.040230458,0.0899580388,73037.6094603679,61608460.85782162,24.1,13,6,false
3656792,0.0060891262,0.0136157002,19992.5114719387,17217654.352659356,28.2,17,5,false
3661368,0.2272767323,0.5082062231,91297.3714144103,18489212.371839304,20.34,20,5,true
3661493,0.1460679643,0.3266178974,76445.1714569155,65547834.00011461,21.3,20,0,true
3661498,0.0880146521,0.1968067451,46192.4874804557,66897635.28069366,22.4,23,6,false
3661506,0.0192555078,0.0430566244,69067.2817676059,35578723.25350727,25.7,16,6,false
3662636,0.1460679643,0.3266178974,54235.3082679799,68209730.85197303,21.3,20,0,false
3663745,0.160160338,0.358129403,64027.7792042587,53741312.4622629,21.1,36,3,true
3666411,0.1160259082,0.2594418179,31519.2647879019,37697578.68536208,21.8,9,7,true
3666471,0.1338304618,0.2992540101,27758.00260749,45923851.30876876,21.49,19,2,false
3666540,0.02658,0.0594346868,52476.2468378071,27125961.0556178,25,23,5,false
3666680,0.0116025908,0.0259441818,57572.5848155215,40568834.15097681,26.8,7,7,false
3666685,0.0143401923,0.0320656449,45813.2156998834,68080553.61482057,26.34,15,3,false
3666783,0.2325706875,0.5200438667,43892.4453158448,20018499.097433954,20.29,13,2,true
3667048,0.0101054342,0.0225964377,51883.085163766,42636205.2664341,27.1,15,6,false
3667139,0.0506471459,0.1132504611,76678.1095221972,61895802.08860815,23.6,13,7,false
3667485,0.1873074177,0.4188321187,52249.194198166,52649117.786317065,20.76,26,1,false
3669221,0.0884209093,0.1977151638,34951.1675158119,38107687.99159579,22.39,12,8,false
3669253,0.437074004,0.9773271842,66093.656133537,48482428.58618889,18.92,46,1,true
3670102,0.1677084622,0.3750075218,49425.7199540072,24700591.615801737,21,18,1,true
3672669,0.2315021222,0.5176544822,58417.4827446217,28215596.48600261,20.3,42,0,true
3672960,0.185590173,0.4149922428,63689.8704798427,38694820.24222662,20.78,8,6,true
3673546,0.1144339731,0.2558821427,31620.2135220657,68509083.90909313,21.83,11,3,false
3673918,0.0334622374,0.0748238376,7414.24849433,35385003.316844776,24.5,25,5,false
3674335,0.1394938229,0.3119176705,27130.6770384906,18008458.014661875,21.4,20,4,true
3674619,0.1460679643,0.3266178974,75155.2078422294,74037730.30880228,21.3,8,7,true
3678609,0.0105816886,0.023661375,37368.9547999362,24115262.81237312,27,5,7,false
3682230,0.2016299194,0.4508582062,68186.4913857251,43174730.5511392,20.6,22,0,true
3683396,0.1925550782,0.4305662442,121787.60596312,44164541.895956375,20.7,10,7,false
3684009,0.1732028271,0.3872932954,34440.1305126445,34713528.28078093,20.93,18,3,false
3684353,0.0327005439,0.0731206391,10453.2314674621,44777012.03150208,24.55,9,5,false
3685808,0.2757750529,0.6166517648,102100.0394903663,50657506.44305921,19.92,13,2,true
3686160,0.4023045798,0.8995803882,64724.1115069195,50498453.7782382,19.1,54,3,true
3689273,0.0253837029,0.0567596853,40249.6799865217,43052585.22170525,25.1,13,5,false
3689353,0.1214940408,0.2716689341,31497.3242557945,36854756.74728465,21.7,6,5,true
3690051,0.2315021222,0.5176544822,44390.1146641726,61198517.93433892,20.3,37,2,true
3691160,0.1677084622,0.3750075218,13139.4594410494,56906995.14601266,21,30,4,false
3692287,0.0152951935,0.0342010925,65422.9551501439,63103574.76245472,26.2,3,6,false
3694127,0.0278326768,0.0622357573,40922.0385639862,34491545.62636784,24.9,8,6,false
3694529,0.0334622374,0.0748238376,54158.2022146504,51063732.99641623,24.5,29,5,false
3694987,0.2914439045,0.6516883822,130441.6283602842,67715577.8214082,19.8,26,0,true
3695411,0.0291443905,0.0651688382,83636.1886024631,45947012.88875023,24.8,11,6,false
3695414,0.1214940408,0.2716689341,39521.1201955538,55235569.2907792,21.7,7,7,false
3696305,0.0305179233,0.0682401509,17650.5519757941,16064878.209122796,24.7,7,6,false
3696448,0.0483676488,0.1081533507,77822.1756824213,69320193.53717582,23.7,10,7,false
3696450,0.2111324448,0.4721064988,69284.6103264905,36115170.95291338,20.5,32,3,false
3697798,0.2111324448,0.4721064988,78752.7020976098,46982118.84833495,20.5,19,3,true
3699506,0.1677084622,0.3750075218,54031.4592597547,56448468.02540005,21,10,4,true
3699902,0.0110803882,0.0247765013,13904.3730747409,35363524.09954955,26.9,23,1,false
3701857,0.0421264611,0.0941976306,67699.5799269316,45527582.57307063,24,8,2,false
3701880,0.0116025908,0.0259441818,39097.0955089458,9603888.755633118,26.8,4,7,false
3701883,0.1677084622,0.3750075218,79629.9534302753,37804193.63160028,21,18,2,true
3702705,0.191670368,0.428587972,111068.0409772624,73705717.58325613,20.71,15,3,false
3703073,0.1332155667,0.2978790628,29437.7362122836,15994750.856568009,21.5,21,2,true
3703077,0.0305179233,0.0682401509,20731.078453874,55957651.92492344,24.7,15,3,false
3703080,0.1214940408,0.2716689341,35653.9036265801,31010104.609079104,21.7,17,5,true
3703166,0.1838886721,0.411187571,19138.3139397006,71654104.41927443,20.8,37,0,true
3703314,0.1283970296,0.2871044863,65771.1963848588,45936986.390709214,21.58,22,2,true
3704141,0.1684825693,0.3767384779,27256.3089831945,4895816.263332635,20.99,24,4,true
3704145,0.0802703167,0.1794898848,68598.7988885413,70914576.02560589,22.6,13,3,false
3704770,0.02658,0.0594346868,23702.5650530132,71666592.98410012,25,19,5,false
3707693,0.0350392641,0.0783501764,39781.499898501,73138078.51851799,24.4,7,7,false
3707694,0.1677084622,0.3750075218,156114.5330936358,68683828.46297033,21,17,7,true
3709079,0.2315021222,0.5176544822,58513.9627701475,37175451.8254934,20.3,21,2,false
3709081,0.1925550782,0.4305662442,82116.7159751435,35727529.167343274,20.7,9,5,false
3709453,0.0608912622,0.1361570015,43013.3421656707,19091939.36266956,23.2,19,2,false
3709715,0.022108281,0.0494356193,96802.8876925456,52662350.88478195,25.4,4,7,false
3709924,0.058150704,0.130028927,39523.6381191466,48295455.3040264,23.3,4,7,false
3710216,0.0096506147,0.0215794305,44421.5897549863,30563609.10659825,27.2,5,7,false
3711166,0.1394938229,0.3119176705,77114.191636985,65840830.10518608,21.4,9,6,false
3711785,0.1272198785,0.2844722965,24669.8673100834,72639433.43791173,21.6,45,3,true
3712627,0.0201629919,0.0450858206,74887.1742212737,62381775.30211861,25.6,11,7,false
3713303,0.2424124811,0.5420507863,83910.8907601272,62852200.659402095,20.2,6,2,false
3713991,0.2783267681,0.6223575734,73280.0035941192,44350271.87022131,19.9,25,3,true
3714452,0.2016299194,0.4508582062,51512.2204846946,58498631.286825694,20.6,17,3,true
3714454,0.1108038821,0.2477650126,71978.1683813748,63063036.50724532,21.9,5,7,true
3714538,0.1970402621,0.4405954204,88082.8330345675,71656760.26018012,20.65,13,3,false
3714553,0.2016299194,0.4508582062,41974.3152771721,63422821.7033623,20.6,28,1,true
3715468,0.0055533491,0.0124176661,34575.0044839948,14006725.478972564,28.4,5,6,false
3715507,0.1214940408,0.2716689341,38488.9173653045,16438607.76677758,21.7,40,2,true
3716434,0.0101054342,0.0225964377,20297.0013606439,23437230.378074616,27.1,10,7,false
3717082,0.1677084622,0.3750075218,55851.2210452799,59492568.33146046,21,15,4,true
3718388,0.0699125232,0.1563291544,40250.1591059454,59719092.2536142,22.9,15,5,false
3719999,0.0732073989,0.1636967205,29372.1455934855,74091886.02428398,22.8,7,7,false
3720440,0.1058168859,0.2366137501,60092.0004088271,42638378.62428946,22,13,3,true
3720898,0.0058150704,0.0130028927,69226.9271875206,57368909.67103484,28.3,6,6,false
3721164,0.0127219879,0.0284472297,80384.8974355084,42922624.89954249,26.6,17,4,false
3721910,0.0116025908,0.0259441818,13497.8287619736,28629692.42587396,26.8,8,5,false
3721991,0.3270054393,0.7312063912,54019.3063658069,46292368.77191423,19.55,14,4,false
3723951,0.2210828104,0.4943561926,72415.2169811214,64525125.5600919,20.4,11,4,true
3724056,0.0278326768,0.0622357573,34416.4270171404,46908398.61869616,24.9,5,7,false
3724058,0.1677084622,0.3750075218,40155.1904103642,14970283.220393024,21,68,4,true
3724243,0.0840533402,0.1879489824,31192.2038655561,23095147.651426848,22.5,22,5,false
3724245,0.0069912523,0.0156329154,51780.9196907345,31324430.78236941,27.9,9,3,false
3725759,0.5064714588,1.1325046106,98189.0775186836,51927046.65624903,18.6,29,3,false
3726013,0.0620233153,0.1386883492,5356.8417737767,31767845.885189515,23.16,14,0,false
3726021,0.6089126221,1.3615700154,122600.094409003,38053189.36787649,18.2,29,5,false
3726446,0.0105816886,0.023661375,44548.7600101964,41877720.08499554,27,10,6,false
3726791,0.1058168859,0.2366137501,59135.5480301449,51143075.84703919,22,42,3,true
3727274,0.2658,0.5943468684,14849.0090400659,69658216.35714923,20,38,0,false
3727639,0.1214940408,0.2716689341,71640.8568727844,74493955.79138602,21.7,18,5,false
3727640,0.0231502122,0.0517654482,51029.4274883795,57022685.85094867,25.3,17,6,false
3728231,0.0063760979,0.0142573883,25825.8121036607,57682092.57252325,28.1,7,6,false
3729233,0.0121494041,0.0271668934,81910.8440001338,58633077.675115086,26.7,7,7,false
3729541,0.0802703167,0.1794898848,115790.8583444652,42506285.08137985,22.6,16,3,false
3729846,0.2251930467,0.5035469604,65062.3123004,36090736.69897246,20.36,20,6,true
3730321,0.1272198785,0.2844722965,50282.8431928589,41218542.14344356,21.6,9,7,true
3730323,0.1394938229,0.3119176705,20721.373811049,69203144.99221298,21.4,19,4,false
3730577,0.058150704,0.130028927,46239.7397115128,32522436.151444543,23.3,10,6,false
3732675,0.2538370294,0.5675968529,56519.0980078154,26113737.43663041,20.1,67,1,true
3733264,0.0088014652,0.0196806745,5689.7318742067,1710960.458333041,27.4,34,2,false
3733861,0.0167708462,0.0375007522,34964.7483851737,56894446.68219984,26,12,7,false
3733941,0.1925550782,0.4305662442,64750.1307570086,60813799.03683223,20.7,35,5,false
3734471,0.0421264611,0.0941976306,40164.8478575962,44339152.06606697,24,21,7,false
3735468,0.1034081995,0.2312277636,50604.6705185131,70142840.06323421,22.05,18,5,false
3735654,0.0555334912,0.1241766613,68608.0684661386,50989921.01840377,23.4,14,6,false
3736004,0.022108281,0.0494356193,50038.5020504965,60779055.35039876,25.4,5,7,false
3736248,0.3346223745,0.7482383761,69003.91551411,49319106.94365967,19.5,53,3,true
3736502,0.1394938229,0.3119176705,60821.4744803401,41084871.94370265,21.4,17,6,true
3736517,0.0096506147,0.0215794305,79775.1781198294,52659202.941682905,27.2,6,6,false
3736674,0.3669061375,0.8204270649,60326.8076965662,41286519.41557156,19.3,6,7,false
3736681,0.1529519353,0.3420109247,32934.2465870243,67922525.6355699,21.2,14,7,false
3738544,0.0608912622,0.1361570015,89356.3088287669,59038462.112142295,23.2,6,7,false
3738552,0.0183888672,0.0411187571,69403.6204973446,54687649.7086317,25.8,4,6,false
3739011,0.1414343753,0.3162568776,46892.4529266353,65890128.54238652,21.37,24,4,true
3739389,0.0305179233,0.0682401509,70749.5600353586,53698579.860616975,24.7,5,8,false
3739705,0.0030517923,0.0068240151,77219.2184325095,71977186.2567001,29.7,6,6,false
3740498,0.5553349116,1.2417666126,90741.162077793,15419617.507014776,18.4,25,4,true
3740808,0.2315021222,0.5176544822,36234.8959774165,9563118.309569689,20.3,22,4,true
3740823,0.1160259082,0.2594418179,13654.6900976157,49896477.27504237,21.8,15,5,false
3740926,0.1214940408,0.2716689341,119621.1808197428,68143820.5736148,21.7,8,6,true
3741151,0.0053034072,0.0118587791,23563.3745443069,18618389.36963517,28.5,4,6,false
3741556,0.1460679643,0.3266178974,71768.8976132041,57123651.87689717,21.3,13,5,true
3741563,0.02658,0.0594346868,32553.4066178646,7242829.570156685,25,10,6,false
3742340,0.1272198785,0.2844722965,84943.2097836076,73758971.52277744,21.6,9,3,false
3743119,0.3346223745,0.7482383761,82722.6191509304,44181157.566819616,19.5,15,5,true
3743605,0.2783267681,0.6223575734,96459.6353342918,32189132.96475219,19.9,21,3,true
3743745,0.0133215567,0.0297879063,46547.0865937926,33550735.752019364,26.5,7,8,false
3744153,0.1997813652,0.4467247133,110483.6354848757,69988576.38526678,20.62,15,6,true
3744560,0.0053034072,0.0118587791,23872.4778969725,18941762.1599582,28.5,3,5,false
3744562,0.008405334,0.0187948982,61442.756649184,61161654.3862484,27.5,9,6,false
3744785,0.3685996993,0.8242139842,114893.7277668444,55782168.50716629,19.29,30,1,true
3744790,0.1394938229,0.3119176705,74406.2546399684,68472797.43478613,21.4,6,3,true
3745056,0.1460679643,0.3266178974,28149.0733515676,51101739.950946726,21.3,11,5,false
3745504,0.1214940408,0.2716689341,95942.2679008841,41180071.60007371,21.7,23,6,true
3745642,0.0053034072,0.0118587791,73495.9935524444,25956464.447910056,28.5,4,7,false
3745994,0.0088014652,0.0196806745,21146.6921213455,51806098.79792528,27.4,19,4,false
3747308,0.0608912622,0.1361570015,32903.7276071605,68362175.41984124,23.2,13,6,false
3747314,0.160160338,0.358129403,42835.845380247,10263492.003929516,21.1,22,5,true
3747499,0.0127219879,0.0284472297,28189.5395917888,66944009.21417368,26.6,20,5,false
3748270,0.1529519353,0.3420109247,74481.0370962502,2441204.688511085,21.2,37,3,true
3748335,0.004411182,0.0098637028,86499.4361272283,70534243.98091845,28.9,3,7,false
3748362,0.0319561887,0.0714562102,87299.4632629061,70514667.27453493,24.6,4,9,false
3748479,0.0152951935,0.0342010925,41660.0212925714,35838364.20965503,26.2,4,7,false
3749348,0.0253837029,0.0567596853,67133.4026920085,74239889.33058763,25.1,18,7,false
3750677,0.1925550782,0.4305662442,66589.5581169692,31783150.62991795,20.7,8,6,false
3752784,0.1407845434,0.3148038092,30476.459886989,48717813.54921762,21.38,35,2,true
3753079,0.0160160338,0.0358129403,60569.7492786365,47908661.69349982,26.1,7,7,false
3753305,0.0766575574,0.1714115092,25478.5486244951,36625914.95573312,22.7,8,6,false
3753595,0.0133215567,0.0297879063,75225.8085394554,66411653.8841797,26.5,8,7,false
3753621,0.1529519353,0.3420109247,57284.55331682,52223063.980063856,21.2,6,2,true
3753715,0.1780553292,0.3981438198,56854.9184818709,64031681.23447641,20.87,18,0,false
3753721,0.2315021222,0.5176544822,106968.3340698382,71124871.98969607,20.3,18,4,false
3754263,0.1214940408,0.2716689341,40085.5137475583,69230892.37522101,21.7,17,5,false
3754269,0.008405334,0.0187948982,27872.6305536934,27514986.72620392,27.5,7,6,false
3754384,0.0231502122,0.0517654482,30667.9038769765,27989777.31941444,25.3,11,2,false
3754386,0.3051792326,0.6824015094,35468.8592929572,64554634.24858216,19.7,45,3,true
3754438,0.1997813652,0.4467247133,54259.2011427516,54360453.8549821,20.62,15,4,true
3755203,0.3346223745,0.7482383761,117198.3716878554,44350163.99519726,19.5,9,5,true
3755345,0.1332155667,0.2978790628,53116.1660065662,18072694.32277436,21.5,21,2,true
3755939,0.0608912622,0.1361570015,35634.7596952819,74677289.70144653,23.2,10,6,false
3756040,0.0732073989,0.1636967205,86378.1915690288,70948472.2550656,22.8,5,7,false
3756758,0.2658,0.5943468684,75172.5550118963,34258782.051855326,20,23,4,true
3756947,0.1108038821,0.2477650126,58410.2754876002,54945545.65050528,21.9,15,5,false
3757291,0.2016299194,0.4508582062,105186.817734809,50681524.0519724,20.6,5,6,false
3757411,0.3503926411,0.7835017643,90212.804382654,2710621.117473997,19.4,7,6,true
3757424,0.1010543415,0.2259643771,36346.613751234,49372127.91441804,22.1,22,5,false
3758270,0.1170994827,0.2618424035,58978.6270279034,2326580.676227331,21.78,12,6,true
3758850,0.0175612318,0.0392681082,131071.824204872,73269757.45093088,25.9,9,6,false
3758923,0.0058150704,0.0130028927,45892.24520625,56933426.03784512,28.3,20,4,false
3758926,0.1108038821,0.2477650126,72215.1336933572,66325037.48039885,21.9,9,3,true
3758927,0.1638909515,0.3664713084,66337.827404468,40417806.03558089,21.05,10,6,true
3759318,0.0350392641,0.0783501764,91202.183497449,53632186.111862496,24.4,2,7,false
3759721,0.0050647146,0.0113250461,57361.5188465036,63785688.67544044,28.6,12,5,false
3760440,0.0092162655,0.0206081961,53440.7195841995,48542621.248915486,27.3,2,6,false
3760542,0.0506471459,0.1132504611,23723.7172011702,57439744.87583111,23.6,8,6,false
3760889,0.5923180627,1.3244634524,95152.0822575343,71878361.75418024,18.26,17,4,false
3761197,0.0253837029,0.0567596853,20223.5554267683,8704005.29808734,25.1,10,3,false
3761480,0.1272198785,0.2844722965,110199.7673271968,31799793.61735225,21.6,21,6,true
3761485,0.0319561887,0.0714562102,44325.8178205986,53057933.59456784,24.6,12,5,false
3761549,0.3471802221,0.776318577,64906.7890088344,25863640.46555376,19.42,8,5,true
3762164,0.04411182,0.0986370281,27261.1074463395,48075539.25442863,23.9,9,4,false
3763276,0.1214940408,0.2716689341,74279.8787527663,27879190.041094966,21.7,19,3,true
3763547,0.0080270317,0.0179489885,46469.7781982582,60353199.52196672,27.6,4,6,false
3763621,0.2914439045,0.6516883822,43334.5932126205,47765944.66728919,19.8,20,4,true
3763940,0.0133215567,0.0297879063,27723.9929698781,4442357.443756685,26.5,3,7,false
3763944,0.0038419789,0.008590926,31473.7556777785,45540620.68567176,29.2,11,6,false
3764822,0.0802703167,0.1794898848,46064.5274875381,21512180.87173797,22.6,3,5,false
3764824,0.0175612318,0.0392681082,23075.9845813391,22743200.156995326,25.9,10,2,false
3765610,0.0380675544,0.0851216393,22698.1218096353,28827780.53058172,24.22,8,7,false
3765640,0.04411182,0.0986370281,40096.1914840976,51916278.48188813,23.9,12,7,false
3765641,0.1307841086,0.2924421572,69715.250810114,65472279.71554941,21.54,7,7,false
3766124,0.2538370294,0.5675968529,59947.8178691441,64688667.01372077,20.1,14,4,false
3766177,0.0880146521,0.1968067451,29031.2758918657,60733680.52125332,22.4,7,7,false
3766185,0.2210828104,0.4943561926,46247.3724055198,26800845.55482777,20.4,21,5,true
3766499,0.3051792326,0.6824015094,44686.7930195201,29915599.90266388,19.7,8,4,true
3767037,0.1214940408,0.2716689341,37501.5230598298,7629336.132290301,21.7,18,3,true
3767163,0.0167708462,0.0375007522,53501.604872782,51824440.57389194,26,6,7,false
3767264,0.0096506147,0.0215794305,71984.259780129,48763051.76558818,27.2,8,5,false
3768616,0.0555334912,0.1241766613,73692.3299716465,45929626.19046501,23.4,7,7,false
3768654,0.0060891262,0.0136157002,58475.75304379,59879996.88022667,28.2,3,6,false
3770280,0.0018388867,0.0041118757,63343.8016171625,422611.035671961,30.8,2,6,false
3770330,0.2016299194,0.4508582062,115305.9446803057,72443562.56811461,20.6,23,5,true
3771619,0.2538370294,0.5675968529,37755.9172274371,15346350.768359104,20.1,43,4,true
3771800,0.0253837029,0.0567596853,73625.0827260229,63988346.57620266,25.1,9,7,false
3772396,0.2016299194,0.4508582062,53077.5708657098,43512024.5003704,20.6,11,5,true
3772756,0.0242412481,0.0542050786,80845.6382320302,21947093.624495987,25.2,7,6,false
3772844,0.0110803882,0.0247765013,26073.4921204178,25533965.670479745,26.9,10,3,false
3773923,0.0088014652,0.0196806745,30155.3795017742,36861483.9839811,27.4,1,6,false
3773991,0.2914439045,0.6516883822,104577.6232921356,36977885.951990016,19.8,19,6,false
3774008,0.008405334,0.0187948982,64362.5163028505,53629740.57564247,27.5,4,6,false
3774096,0.0201629919,0.0450858206,32821.5407496916,20242485.86963207,25.6,4,7,false
3774574,0.0253837029,0.0567596853,65600.054823843,28926174.6400296,25.1,1,8,false
3774725,0.046190746,0.1032856481,53615.8956247585,38780280.19463324,23.8,8,7,false
3775155,0.3037770614,0.6792661593,167111.4536950266,64720284.47866592,19.71,2,5,true
3775208,0.0192555078,0.0430566244,65322.440264939,67907073.41726121,25.7,4,6,false
3775251,0.0350392641,0.0783501764,80028.1836356472,51923277.7473514,24.4,9,7,false
3776268,0.1881719895,0.42076536,72979.0771092912,62874461.09173425,20.75,3,6,false
3776278,0.1332155667,0.2978790628,80224.4268906624,67600470.78752178,21.5,9,4,true
3776853,0.3841978911,0.8590926012,56807.3002397209,54651779.22112183,19.2,5,5,false
3778084,0.0334622374,0.0748238376,50191.4652357938,43126051.26960312,24.5,6,4,false
3780807,0.0732073989,0.1636967205,41890.9063709772,44789083.84658152,22.8,7,7,false
3781344,0.1108038821,0.2477650126,48655.3051323529,32797747.230158422,21.9,5,7,true
